Game Turn, Player, Score, CATEGORY_CIVICS, CATEGORY_EMPIRE, CATEGORY_GREAT_PEOPLE, CATEGORY_RELIGION, CATEGORY_TECH, CATEGORY_WONDER, CATEGORY_TRADE, CATEGORY_PILLAGE, CATEGORY_INCOME, CATEGORY_SCENARIO1, CATEGORY_SCENARIO2, CATEGORY_SCENARIO3
182, 1, 506, 90, 237, 27, 0, 122, 30, 0, 0, 0, 0, 0, 0
182, 2, 476, 68, 263, 21, 8, 96, 20, 0, 0, 0, 0, 0, 0
182, 4, 488, 64, 287, 24, 0, 98, 15, 0, 0, 0, 0, 0, 0
182, 5, 522, 100, 253, 30, 8, 96, 35, 0, 0, 0, 0, 0, 0
182, 6, 554, 90, 288, 54, 8, 94, 20, 0, 0, 0, 0, 0, 0
182, 7, 392, 60, 222, 12, 8, 80, 10, 0, 0, 0, 0, 0, 0
182, 9, 174, 64, 22, 0, 0, 88, 0, 0, 0, 0, 0, 0, 0
182, 10, 169, 60, 17, 0, 0, 92, 0, 0, 0, 0, 0, 0, 0
182, 12, 161, 52, 15, 0, 0, 94, 0, 0, 0, 0, 0, 0, 0
182, 14, 174, 68, 20, 0, 0, 86, 0, 0, 0, 0, 0, 0, 0
182, 15, 173, 62, 21, 0, 0, 90, 0, 0, 0, 0, 0, 0, 0
182, 16, 160, 50, 22, 0, 0, 88, 0, 0, 0, 0, 0, 0, 0
182, 20, 175, 68, 23, 0, 0, 84, 0, 0, 0, 0, 0, 0, 0
182, 21, 178, 62, 24, 0, 0, 92, 0, 0, 0, 0, 0, 0, 0
182, 22, 173, 64, 17, 0, 0, 92, 0, 0, 0, 0, 0, 0, 0
182, 24, 171, 64, 19, 0, 0, 88, 0, 0, 0, 0, 0, 0, 0
182, 63, 166, 72, 0, 0, 0, 94, 0, 0, 0, 0, 0, 0, 0
183, 0, 381, 70, 228, 15, 0, 68, 0, 0, 0, 0, 0, 0, 0
183, 1, 506, 90, 237, 27, 0, 122, 30, 0, 0, 0, 0, 0, 0
183, 2, 476, 68, 263, 21, 8, 96, 20, 0, 0, 0, 0, 0, 0
183, 4, 489, 64, 288, 24, 0, 98, 15, 0, 0, 0, 0, 0, 0
183, 5, 524, 102, 253, 30, 8, 96, 35, 0, 0, 0, 0, 0, 0
183, 6, 560, 90, 294, 54, 8, 94, 20, 0, 0, 0, 0, 0, 0
183, 7, 395, 62, 223, 12, 8, 80, 10, 0, 0, 0, 0, 0, 0
183, 9, 176, 64, 22, 0, 0, 90, 0, 0, 0, 0, 0, 0, 0
183, 10, 170, 60, 18, 0, 0, 92, 0, 0, 0, 0, 0, 0, 0
183, 12, 161, 52, 15, 0, 0, 94, 0, 0, 0, 0, 0, 0, 0
183, 14, 176, 68, 20, 0, 0, 88, 0, 0, 0, 0, 0, 0, 0
183, 15, 173, 62, 21, 0, 0, 90, 0, 0, 0, 0, 0, 0, 0
183, 16, 160, 50, 22, 0, 0, 88, 0, 0, 0, 0, 0, 0, 0
183, 20, 175, 68, 23, 0, 0, 84, 0, 0, 0, 0, 0, 0, 0
183, 21, 178, 62, 24, 0, 0, 92, 0, 0, 0, 0, 0, 0, 0
183, 22, 173, 64, 17, 0, 0, 92, 0, 0, 0, 0, 0, 0, 0
183, 24, 174, 64, 22, 0, 0, 88, 0, 0, 0, 0, 0, 0, 0
183, 63, 168, 74, 0, 0, 0, 94, 0, 0, 0, 0, 0, 0, 0
184, 0, 392, 72, 237, 15, 0, 68, 0, 0, 0, 0, 0, 0, 0
184, 1, 506, 90, 237, 27, 0, 122, 30, 0, 0, 0, 0, 0, 0
184, 2, 481, 70, 266, 21, 8, 96, 20, 0, 0, 0, 0, 0, 0
184, 4, 492, 64, 291, 24, 0, 98, 15, 0, 0, 0, 0, 0, 0
184, 5, 525, 102, 254, 30, 8, 96, 35, 0, 0, 0, 0, 0, 0
184, 6, 567, 90, 301, 54, 8, 94, 20, 0, 0, 0, 0, 0, 0
184, 7, 397, 62, 225, 12, 8, 80, 10, 0, 0, 0, 0, 0, 0
184, 9, 178, 64, 22, 0, 0, 92, 0, 0, 0, 0, 0, 0, 0
184, 10, 170, 60, 18, 0, 0, 92, 0, 0, 0, 0, 0, 0, 0
184, 12, 161, 52, 15, 0, 0, 94, 0, 0, 0, 0, 0, 0, 0
184, 14, 178, 68, 20, 0, 0, 90, 0, 0, 0, 0, 0, 0, 0
184, 15, 173, 62, 21, 0, 0, 90, 0, 0, 0, 0, 0, 0, 0
184, 16, 160, 50, 22, 0, 0, 88, 0, 0, 0, 0, 0, 0, 0
184, 20, 175, 68, 23, 0, 0, 84, 0, 0, 0, 0, 0, 0, 0
184, 21, 178, 62, 24, 0, 0, 92, 0, 0, 0, 0, 0, 0, 0
184, 22, 173, 64, 17, 0, 0, 92, 0, 0, 0, 0, 0, 0, 0
184, 24, 174, 64, 22, 0, 0, 88, 0, 0, 0, 0, 0, 0, 0
184, 63, 172, 78, 0, 0, 0, 94, 0, 0, 0, 0, 0, 0, 0
185, 0, 391, 72, 236, 15, 0, 68, 0, 0, 0, 0, 0, 0, 0
185, 1, 509, 92, 238, 27, 0, 122, 30, 0, 0, 0, 0, 0, 0
185, 2, 481, 70, 266, 21, 8, 96, 20, 0, 0, 0, 0, 0, 0
185, 4, 505, 66, 297, 27, 0, 100, 15, 0, 0, 0, 0, 0, 0
185, 5, 526, 102, 255, 30, 8, 96, 35, 0, 0, 0, 0, 0, 0
185, 6, 574, 92, 301, 57, 8, 96, 20, 0, 0, 0, 0, 0, 0
185, 7, 397, 62, 225, 12, 8, 80, 10, 0, 0, 0, 0, 0, 0
185, 9, 180, 64, 22, 0, 0, 94, 0, 0, 0, 0, 0, 0, 0
185, 10, 174, 62, 18, 0, 0, 94, 0, 0, 0, 0, 0, 0, 0
185, 12, 161, 52, 15, 0, 0, 94, 0, 0, 0, 0, 0, 0, 0
185, 14, 180, 68, 20, 0, 0, 92, 0, 0, 0, 0, 0, 0, 0
185, 15, 173, 62, 21, 0, 0, 90, 0, 0, 0, 0, 0, 0, 0
185, 16, 160, 50, 22, 0, 0, 88, 0, 0, 0, 0, 0, 0, 0
185, 20, 175, 68, 23, 0, 0, 84, 0, 0, 0, 0, 0, 0, 0
185, 21, 180, 62, 24, 0, 0, 94, 0, 0, 0, 0, 0, 0, 0
185, 22, 173, 64, 17, 0, 0, 92, 0, 0, 0, 0, 0, 0, 0
185, 24, 176, 66, 22, 0, 0, 88, 0, 0, 0, 0, 0, 0, 0
185, 63, 176, 78, 0, 0, 0, 98, 0, 0, 0, 0, 0, 0, 0
186, 0, 392, 72, 237, 15, 0, 68, 0, 0, 0, 0, 0, 0, 0
186, 1, 516, 94, 238, 30, 0, 124, 30, 0, 0, 0, 0, 0, 0
186, 2, 482, 70, 267, 21, 8, 96, 20, 0, 0, 0, 0, 0, 0
186, 4, 506, 66, 298, 27, 0, 100, 15, 0, 0, 0, 0, 0, 0
186, 5, 526, 102, 255, 30, 8, 96, 35, 0, 0, 0, 0, 0, 0
186, 6, 581, 94, 306, 57, 8, 96, 20, 0, 0, 0, 0, 0, 0
186, 7, 402, 62, 228, 12, 8, 82, 10, 0, 0, 0, 0, 0, 0
186, 9, 182, 64, 22, 0, 0, 96, 0, 0, 0, 0, 0, 0, 0
186, 10, 176, 62, 18, 0, 0, 96, 0, 0, 0, 0, 0, 0, 0
186, 12, 163, 52, 15, 0, 0, 96, 0, 0, 0, 0, 0, 0, 0
186, 14, 182, 68, 20, 0, 0, 94, 0, 0, 0, 0, 0, 0, 0
186, 15, 173, 62, 21, 0, 0, 90, 0, 0, 0, 0, 0, 0, 0
186, 16, 160, 50, 22, 0, 0, 88, 0, 0, 0, 0, 0, 0, 0
186, 20, 177, 68, 23, 0, 0, 86, 0, 0, 0, 0, 0, 0, 0
186, 21, 182, 62, 24, 0, 0, 96, 0, 0, 0, 0, 0, 0, 0
186, 22, 175, 64, 17, 0, 0, 94, 0, 0, 0, 0, 0, 0, 0
186, 24, 178, 66, 22, 0, 0, 90, 0, 0, 0, 0, 0, 0, 0
186, 63, 178, 80, 0, 0, 0, 98, 0, 0, 0, 0, 0, 0, 0
187, 0, 396, 72, 241, 15, 0, 68, 0, 0, 0, 0, 0, 0, 0
187, 1, 520, 96, 240, 30, 0, 124, 30, 0, 0, 0, 0, 0, 0
187, 2, 485, 70, 270, 21, 8, 96, 20, 0, 0, 0, 0, 0, 0
187, 4, 511, 66, 303, 27, 0, 100, 15, 0, 0, 0, 0, 0, 0
187, 5, 529, 102, 258, 30, 8, 96, 35, 0, 0, 0, 0, 0, 0
187, 6, 582, 96, 305, 57, 8, 96, 20, 0, 0, 0, 0, 0, 0
187, 7, 404, 64, 228, 12, 8, 82, 10, 0, 0, 0, 0, 0, 0
187, 9, 182, 64, 22, 0, 0, 96, 0, 0, 0, 0, 0, 0, 0
187, 10, 176, 62, 18, 0, 0, 96, 0, 0, 0, 0, 0, 0, 0
187, 12, 165, 52, 15, 0, 0, 98, 0, 0, 0, 0, 0, 0, 0
187, 14, 184, 68, 20, 0, 0, 96, 0, 0, 0, 0, 0, 0, 0
187, 15, 175, 64, 21, 0, 0, 90, 0, 0, 0, 0, 0, 0, 0
187, 16, 163, 52, 23, 0, 0, 88, 0, 0, 0, 0, 0, 0, 0
187, 20, 181, 70, 23, 0, 0, 88, 0, 0, 0, 0, 0, 0, 0
187, 21, 184, 62, 24, 0, 0, 98, 0, 0, 0, 0, 0, 0, 0
187, 22, 177, 64, 17, 0, 0, 96, 0, 0, 0, 0, 0, 0, 0
187, 24, 180, 66, 22, 0, 0, 92, 0, 0, 0, 0, 0, 0, 0
187, 63, 180, 82, 0, 0, 0, 98, 0, 0, 0, 0, 0, 0, 0
188, 0, 404, 74, 247, 15, 0, 68, 0, 0, 0, 0, 0, 0, 0
188, 1, 531, 98, 242, 30, 0, 126, 35, 0, 0, 0, 0, 0, 0
188, 2, 486, 70, 271, 21, 8, 96, 20, 0, 0, 0, 0, 0, 0
188, 4, 513, 66, 303, 27, 0, 102, 15, 0, 0, 0, 0, 0, 0
188, 5, 536, 104, 258, 30, 8, 96, 40, 0, 0, 0, 0, 0, 0
188, 6, 588, 96, 308, 60, 8, 96, 20, 0, 0, 0, 0, 0, 0
188, 7, 404, 64, 228, 12, 8, 82, 10, 0, 0, 0, 0, 0, 0
188, 9, 183, 64, 23, 0, 0, 96, 0, 0, 0, 0, 0, 0, 0
188, 10, 176, 62, 18, 0, 0, 96, 0, 0, 0, 0, 0, 0, 0
188, 12, 165, 52, 15, 0, 0, 98, 0, 0, 0, 0, 0, 0, 0
188, 14, 184, 68, 20, 0, 0, 96, 0, 0, 0, 0, 0, 0, 0
188, 15, 175, 64, 21, 0, 0, 90, 0, 0, 0, 0, 0, 0, 0
188, 16, 163, 52, 23, 0, 0, 88, 0, 0, 0, 0, 0, 0, 0
188, 20, 183, 70, 23, 0, 0, 90, 0, 0, 0, 0, 0, 0, 0
188, 21, 184, 62, 24, 0, 0, 98, 0, 0, 0, 0, 0, 0, 0
188, 22, 177, 64, 17, 0, 0, 96, 0, 0, 0, 0, 0, 0, 0
188, 24, 182, 66, 22, 0, 0, 94, 0, 0, 0, 0, 0, 0, 0
188, 63, 182, 84, 0, 0, 0, 98, 0, 0, 0, 0, 0, 0, 0
189, 0, 409, 74, 250, 15, 0, 70, 0, 0, 0, 0, 0, 0, 0
189, 1, 538, 98, 244, 30, 0, 126, 40, 0, 0, 0, 0, 0, 0
189, 2, 489, 70, 272, 21, 8, 98, 20, 0, 0, 0, 0, 0, 0
189, 4, 518, 66, 308, 27, 0, 102, 15, 0, 0, 0, 0, 0, 0
189, 5, 539, 106, 259, 30, 8, 96, 40, 0, 0, 0, 0, 0, 0
189, 6, 591, 96, 309, 60, 8, 98, 20, 0, 0, 0, 0, 0, 0
189, 7, 406, 64, 230, 12, 8, 82, 10, 0, 0, 0, 0, 0, 0
189, 9, 183, 64, 23, 0, 0, 96, 0, 0, 0, 0, 0, 0, 0
189, 10, 176, 62, 18, 0, 0, 96, 0, 0, 0, 0, 0, 0, 0
189, 12, 165, 52, 15, 0, 0, 98, 0, 0, 0, 0, 0, 0, 0
189, 14, 184, 68, 20, 0, 0, 96, 0, 0, 0, 0, 0, 0, 0
189, 15, 175, 64, 21, 0, 0, 90, 0, 0, 0, 0, 0, 0, 0
189, 16, 163, 52, 23, 0, 0, 88, 0, 0, 0, 0, 0, 0, 0
189, 20, 185, 70, 23, 0, 0, 92, 0, 0, 0, 0, 0, 0, 0
189, 21, 184, 62, 24, 0, 0, 98, 0, 0, 0, 0, 0, 0, 0
189, 22, 177, 64, 17, 0, 0, 96, 0, 0, 0, 0, 0, 0, 0
189, 24, 184, 66, 22, 0, 0, 96, 0, 0, 0, 0, 0, 0, 0
189, 63, 182, 84, 0, 0, 0, 98, 0, 0, 0, 0, 0, 0, 0
190, 0, 412, 74, 251, 15, 0, 72, 0, 0, 0, 0, 0, 0, 0
190, 1, 544, 100, 248, 30, 0, 126, 40, 0, 0, 0, 0, 0, 0
190, 2, 491, 72, 272, 21, 8, 98, 20, 0, 0, 0, 0, 0, 0
190, 4, 520, 66, 308, 27, 0, 104, 15, 0, 0, 0, 0, 0, 0
190, 5, 543, 106, 261, 30, 8, 98, 40, 0, 0, 0, 0, 0, 0
190, 6, 592, 96, 310, 60, 8, 98, 20, 0, 0, 0, 0, 0, 0
190, 7, 407, 64, 231, 12, 8, 82, 10, 0, 0, 0, 0, 0, 0
190, 9, 183, 64, 23, 0, 0, 96, 0, 0, 0, 0, 0, 0, 0
190, 10, 176, 62, 18, 0, 0, 96, 0, 0, 0, 0, 0, 0, 0
190, 12, 165, 52, 15, 0, 0, 98, 0, 0, 0, 0, 0, 0, 0
190, 14, 184, 68, 20, 0, 0, 96, 0, 0, 0, 0, 0, 0, 0
190, 15, 175, 64, 21, 0, 0, 90, 0, 0, 0, 0, 0, 0, 0
190, 16, 163, 52, 23, 0, 0, 88, 0, 0, 0, 0, 0, 0, 0
190, 20, 187, 70, 23, 0, 0, 94, 0, 0, 0, 0, 0, 0, 0
190, 21, 184, 62, 24, 0, 0, 98, 0, 0, 0, 0, 0, 0, 0
190, 22, 177, 64, 17, 0, 0, 96, 0, 0, 0, 0, 0, 0, 0
190, 24, 186, 66, 22, 0, 0, 98, 0, 0, 0, 0, 0, 0, 0
190, 63, 182, 84, 0, 0, 0, 98, 0, 0, 0, 0, 0, 0, 0
191, 0, 418, 74, 254, 18, 0, 72, 0, 0, 0, 0, 0, 0, 0
191, 1, 549, 100, 251, 30, 0, 128, 40, 0, 0, 0, 0, 0, 0
191, 2, 491, 72, 272, 21, 8, 98, 20, 0, 0, 0, 0, 0, 0
191, 4, 527, 66, 313, 27, 0, 106, 15, 0, 0, 0, 0, 0, 0
191, 5, 549, 106, 262, 33, 8, 100, 40, 0, 0, 0, 0, 0, 0
191, 6, 593, 96, 311, 60, 8, 98, 20, 0, 0, 0, 0, 0, 0
191, 7, 409, 64, 231, 12, 8, 84, 10, 0, 0, 0, 0, 0, 0
191, 9, 185, 64, 23, 0, 0, 98, 0, 0, 0, 0, 0, 0, 0
191, 10, 176, 62, 18, 0, 0, 96, 0, 0, 0, 0, 0, 0, 0
191, 12, 165, 52, 15, 0, 0, 98, 0, 0, 0, 0, 0, 0, 0
191, 14, 186, 68, 20, 0, 0, 98, 0, 0, 0, 0, 0, 0, 0
191, 15, 177, 64, 21, 0, 0, 92, 0, 0, 0, 0, 0, 0, 0
191, 16, 163, 52, 23, 0, 0, 88, 0, 0, 0, 0, 0, 0, 0
191, 20, 189, 70, 23, 0, 0, 96, 0, 0, 0, 0, 0, 0, 0
191, 21, 184, 62, 24, 0, 0, 98, 0, 0, 0, 0, 0, 0, 0
191, 22, 177, 64, 17, 0, 0, 96, 0, 0, 0, 0, 0, 0, 0
191, 24, 186, 66, 22, 0, 0, 98, 0, 0, 0, 0, 0, 0, 0
191, 63, 184, 84, 0, 0, 0, 100, 0, 0, 0, 0, 0, 0, 0
192, 0, 422, 76, 254, 18, 0, 74, 0, 0, 0, 0, 0, 0, 0
192, 1, 556, 100, 258, 30, 0, 128, 40, 0, 0, 0, 0, 0, 0
192, 2, 491, 72, 272, 21, 8, 98, 20, 0, 0, 0, 0, 0, 0
192, 4, 530, 68, 314, 27, 0, 106, 15, 0, 0, 0, 0, 0, 0
192, 5, 549, 106, 262, 33, 8, 100, 40, 0, 0, 0, 0, 0, 0
192, 6, 598, 96, 316, 60, 8, 98, 20, 0, 0, 0, 0, 0, 0
192, 7, 411, 66, 231, 12, 8, 84, 10, 0, 0, 0, 0, 0, 0
192, 9, 187, 64, 23, 0, 0, 100, 0, 0, 0, 0, 0, 0, 0
192, 10, 178, 62, 18, 0, 0, 98, 0, 0, 0, 0, 0, 0, 0
192, 12, 167, 52, 15, 0, 0, 100, 0, 0, 0, 0, 0, 0, 0
192, 14, 188, 68, 20, 0, 0, 100, 0, 0, 0, 0, 0, 0, 0
192, 15, 179, 64, 21, 0, 0, 94, 0, 0, 0, 0, 0, 0, 0
192, 16, 163, 52, 23, 0, 0, 88, 0, 0, 0, 0, 0, 0, 0
192, 20, 191, 70, 23, 0, 0, 98, 0, 0, 0, 0, 0, 0, 0
192, 21, 184, 62, 24, 0, 0, 98, 0, 0, 0, 0, 0, 0, 0
192, 22, 179, 64, 17, 0, 0, 98, 0, 0, 0, 0, 0, 0, 0
192, 24, 186, 66, 22, 0, 0, 98, 0, 0, 0, 0, 0, 0, 0
192, 63, 186, 86, 0, 0, 0, 100, 0, 0, 0, 0, 0, 0, 0
193, 0, 426, 78, 256, 18, 0, 74, 0, 0, 0, 0, 0, 0, 0
193, 1, 557, 100, 259, 30, 0, 128, 40, 0, 0, 0, 0, 0, 0
193, 2, 492, 72, 273, 21, 8, 98, 20, 0, 0, 0, 0, 0, 0
193, 4, 533, 68, 315, 27, 0, 108, 15, 0, 0, 0, 0, 0, 0
193, 5, 553, 106, 266, 33, 8, 100, 40, 0, 0, 0, 0, 0, 0
193, 6, 599, 96, 317, 60, 8, 98, 20, 0, 0, 0, 0, 0, 0
193, 7, 412, 66, 232, 12, 8, 84, 10, 0, 0, 0, 0, 0, 0
193, 9, 187, 64, 23, 0, 0, 100, 0, 0, 0, 0, 0, 0, 0
193, 10, 178, 62, 18, 0, 0, 98, 0, 0, 0, 0, 0, 0, 0
193, 12, 167, 52, 15, 0, 0, 100, 0, 0, 0, 0, 0, 0, 0
193, 14, 188, 68, 20, 0, 0, 100, 0, 0, 0, 0, 0, 0, 0
193, 15, 179, 64, 21, 0, 0, 94, 0, 0, 0, 0, 0, 0, 0
193, 16, 163, 52, 23, 0, 0, 88, 0, 0, 0, 0, 0, 0, 0
193, 20, 193, 70, 23, 0, 0, 100, 0, 0, 0, 0, 0, 0, 0
193, 21, 184, 62, 24, 0, 0, 98, 0, 0, 0, 0, 0, 0, 0
193, 22, 179, 64, 17, 0, 0, 98, 0, 0, 0, 0, 0, 0, 0
193, 24, 186, 66, 22, 0, 0, 98, 0, 0, 0, 0, 0, 0, 0
193, 63, 186, 86, 0, 0, 0, 100, 0, 0, 0, 0, 0, 0, 0
194, 0, 426, 78, 256, 18, 0, 74, 0, 0, 0, 0, 0, 0, 0
194, 1, 561, 100, 261, 30, 0, 130, 40, 0, 0, 0, 0, 0, 0
194, 2, 492, 72, 273, 21, 8, 98, 20, 0, 0, 0, 0, 0, 0
194, 4, 534, 68, 316, 27, 0, 108, 15, 0, 0, 0, 0, 0, 0
194, 5, 553, 106, 266, 33, 8, 100, 40, 0, 0, 0, 0, 0, 0
194, 6, 610, 96, 326, 60, 8, 100, 20, 0, 0, 0, 0, 0, 0
194, 7, 412, 66, 232, 12, 8, 84, 10, 0, 0, 0, 0, 0, 0
194, 9, 187, 64, 23, 0, 0, 100, 0, 0, 0, 0, 0, 0, 0
194, 10, 178, 62, 18, 0, 0, 98, 0, 0, 0, 0, 0, 0, 0
194, 12, 169, 52, 15, 0, 0, 102, 0, 0, 0, 0, 0, 0, 0
194, 14, 190, 68, 20, 0, 0, 102, 0, 0, 0, 0, 0, 0, 0
194, 15, 179, 64, 21, 0, 0, 94, 0, 0, 0, 0, 0, 0, 0
194, 16, 163, 52, 23, 0, 0, 88, 0, 0, 0, 0, 0, 0, 0
194, 20, 193, 70, 23, 0, 0, 100, 0, 0, 0, 0, 0, 0, 0
194, 21, 184, 62, 24, 0, 0, 98, 0, 0, 0, 0, 0, 0, 0
194, 22, 181, 64, 17, 0, 0, 100, 0, 0, 0, 0, 0, 0, 0
194, 24, 186, 66, 22, 0, 0, 98, 0, 0, 0, 0, 0, 0, 0
194, 63, 188, 86, 0, 0, 0, 102, 0, 0, 0, 0, 0, 0, 0
195, 0, 429, 78, 257, 18, 0, 76, 0, 0, 0, 0, 0, 0, 0
195, 1, 562, 100, 262, 30, 0, 130, 40, 0, 0, 0, 0, 0, 0
195, 2, 492, 72, 273, 21, 8, 98, 20, 0, 0, 0, 0, 0, 0
195, 4, 537, 68, 317, 27, 0, 110, 15, 0, 0, 0, 0, 0, 0
195, 5, 561, 108, 270, 33, 8, 102, 40, 0, 0, 0, 0, 0, 0
195, 6, 619, 98, 333, 60, 8, 100, 20, 0, 0, 0, 0, 0, 0
195, 7, 412, 66, 232, 12, 8, 84, 10, 0, 0, 0, 0, 0, 0
195, 9, 189, 64, 23, 0, 0, 102, 0, 0, 0, 0, 0, 0, 0
195, 10, 178, 62, 18, 0, 0, 98, 0, 0, 0, 0, 0, 0, 0
195, 12, 169, 52, 15, 0, 0, 102, 0, 0, 0, 0, 0, 0, 0
195, 14, 190, 68, 20, 0, 0, 102, 0, 0, 0, 0, 0, 0, 0
195, 15, 184, 64, 24, 0, 0, 96, 0, 0, 0, 0, 0, 0, 0
195, 16, 165, 52, 23, 0, 0, 90, 0, 0, 0, 0, 0, 0, 0
195, 20, 193, 70, 23, 0, 0, 100, 0, 0, 0, 0, 0, 0, 0
195, 21, 184, 62, 24, 0, 0, 98, 0, 0, 0, 0, 0, 0, 0
195, 22, 181, 64, 17, 0, 0, 100, 0, 0, 0, 0, 0, 0, 0
195, 24, 186, 66, 22, 0, 0, 98, 0, 0, 0, 0, 0, 0, 0
195, 63, 188, 86, 0, 0, 0, 102, 0, 0, 0, 0, 0, 0, 0
196, 0, 434, 80, 258, 18, 0, 78, 0, 0, 0, 0, 0, 0, 0
196, 1, 566, 100, 264, 30, 0, 132, 40, 0, 0, 0, 0, 0, 0
196, 2, 496, 72, 277, 21, 8, 98, 20, 0, 0, 0, 0, 0, 0
196, 4, 541, 68, 318, 30, 0, 110, 15, 0, 0, 0, 0, 0, 0
196, 5, 569, 108, 278, 33, 8, 102, 40, 0, 0, 0, 0, 0, 0
196, 6, 624, 100, 334, 60, 8, 102, 20, 0, 0, 0, 0, 0, 0
196, 7, 415, 66, 233, 12, 8, 86, 10, 0, 0, 0, 0, 0, 0
196, 9, 189, 64, 23, 0, 0, 102, 0, 0, 0, 0, 0, 0, 0
196, 10, 178, 62, 18, 0, 0, 98, 0, 0, 0, 0, 0, 0, 0
196, 12, 169, 52, 15, 0, 0, 102, 0, 0, 0, 0, 0, 0, 0
196, 14, 190, 68, 20, 0, 0, 102, 0, 0, 0, 0, 0, 0, 0
196, 15, 186, 64, 24, 0, 0, 98, 0, 0, 0, 0, 0, 0, 0
196, 16, 167, 52, 23, 0, 0, 92, 0, 0, 0, 0, 0, 0, 0
196, 20, 193, 70, 23, 0, 0, 100, 0, 0, 0, 0, 0, 0, 0
196, 21, 184, 62, 24, 0, 0, 98, 0, 0, 0, 0, 0, 0, 0
196, 22, 181, 64, 17, 0, 0, 100, 0, 0, 0, 0, 0, 0, 0
196, 24, 186, 66, 22, 0, 0, 98, 0, 0, 0, 0, 0, 0, 0
196, 63, 190, 88, 0, 0, 0, 102, 0, 0, 0, 0, 0, 0, 0
197, 0, 438, 80, 262, 18, 0, 78, 0, 0, 0, 0, 0, 0, 0
197, 1, 568, 102, 264, 30, 0, 132, 40, 0, 0, 0, 0, 0, 0
197, 2, 496, 72, 277, 21, 8, 98, 20, 0, 0, 0, 0, 0, 0
197, 4, 545, 68, 320, 30, 0, 112, 15, 0, 0, 0, 0, 0, 0
197, 5, 570, 108, 279, 33, 8, 102, 40, 0, 0, 0, 0, 0, 0
197, 6, 625, 100, 335, 60, 8, 102, 20, 0, 0, 0, 0, 0, 0
197, 7, 419, 68, 233, 12, 8, 88, 10, 0, 0, 0, 0, 0, 0
197, 9, 189, 64, 23, 0, 0, 102, 0, 0, 0, 0, 0, 0, 0
197, 10, 178, 62, 18, 0, 0, 98, 0, 0, 0, 0, 0, 0, 0
197, 12, 169, 52, 15, 0, 0, 102, 0, 0, 0, 0, 0, 0, 0
197, 14, 190, 68, 20, 0, 0, 102, 0, 0, 0, 0, 0, 0, 0
197, 15, 188, 64, 24, 0, 0, 100, 0, 0, 0, 0, 0, 0, 0
197, 16, 169, 52, 23, 0, 0, 94, 0, 0, 0, 0, 0, 0, 0
197, 20, 193, 70, 23, 0, 0, 100, 0, 0, 0, 0, 0, 0, 0
197, 21, 185, 62, 25, 0, 0, 98, 0, 0, 0, 0, 0, 0, 0
197, 22, 181, 64, 17, 0, 0, 100, 0, 0, 0, 0, 0, 0, 0
197, 24, 186, 66, 22, 0, 0, 98, 0, 0, 0, 0, 0, 0, 0
197, 63, 190, 88, 0, 0, 0, 102, 0, 0, 0, 0, 0, 0, 0
198, 0, 438, 80, 262, 18, 0, 78, 0, 0, 0, 0, 0, 0, 0
198, 1, 568, 102, 264, 30, 0, 132, 40, 0, 0, 0, 0, 0, 0
198, 2, 497, 72, 278, 21, 8, 98, 20, 0, 0, 0, 0, 0, 0
198, 4, 547, 68, 322, 30, 0, 112, 15, 0, 0, 0, 0, 0, 0
198, 5, 570, 108, 279, 33, 8, 102, 40, 0, 0, 0, 0, 0, 0
198, 6, 633, 100, 341, 60, 8, 104, 20, 0, 0, 0, 0, 0, 0
198, 7, 422, 68, 236, 12, 8, 88, 10, 0, 0, 0, 0, 0, 0
198, 9, 189, 64, 23, 0, 0, 102, 0, 0, 0, 0, 0, 0, 0
198, 10, 178, 62, 18, 0, 0, 98, 0, 0, 0, 0, 0, 0, 0
198, 12, 169, 52, 15, 0, 0, 102, 0, 0, 0, 0, 0, 0, 0
198, 14, 190, 68, 20, 0, 0, 102, 0, 0, 0, 0, 0, 0, 0
198, 15, 190, 64, 24, 0, 0, 102, 0, 0, 0, 0, 0, 0, 0
198, 16, 171, 52, 23, 0, 0, 96, 0, 0, 0, 0, 0, 0, 0
198, 20, 193, 70, 23, 0, 0, 100, 0, 0, 0, 0, 0, 0, 0
198, 21, 185, 62, 25, 0, 0, 98, 0, 0, 0, 0, 0, 0, 0
198, 22, 181, 64, 17, 0, 0, 100, 0, 0, 0, 0, 0, 0, 0
198, 24, 186, 66, 22, 0, 0, 98, 0, 0, 0, 0, 0, 0, 0
198, 63, 190, 88, 0, 0, 0, 102, 0, 0, 0, 0, 0, 0, 0
199, 0, 438, 80, 262, 18, 0, 78, 0, 0, 0, 0, 0, 0, 0
199, 1, 571, 102, 265, 30, 0, 134, 40, 0, 0, 0, 0, 0, 0
199, 2, 497, 72, 278, 21, 8, 98, 20, 0, 0, 0, 0, 0, 0
199, 4, 551, 68, 324, 30, 0, 114, 15, 0, 0, 0, 0, 0, 0
199, 5, 570, 108, 279, 33, 8, 102, 40, 0, 0, 0, 0, 0, 0
199, 6, 634, 100, 342, 60, 8, 104, 20, 0, 0, 0, 0, 0, 0
199, 7, 422, 68, 236, 12, 8, 88, 10, 0, 0, 0, 0, 0, 0
199, 9, 189, 64, 23, 0, 0, 102, 0, 0, 0, 0, 0, 0, 0
199, 10, 178, 62, 18, 0, 0, 98, 0, 0, 0, 0, 0, 0, 0
199, 12, 169, 52, 15, 0, 0, 102, 0, 0, 0, 0, 0, 0, 0
199, 14, 190, 68, 20, 0, 0, 102, 0, 0, 0, 0, 0, 0, 0
199, 15, 190, 64, 24, 0, 0, 102, 0, 0, 0, 0, 0, 0, 0
199, 16, 173, 52, 23, 0, 0, 98, 0, 0, 0, 0, 0, 0, 0
199, 20, 193, 70, 23, 0, 0, 100, 0, 0, 0, 0, 0, 0, 0
199, 21, 185, 62, 25, 0, 0, 98, 0, 0, 0, 0, 0, 0, 0
199, 22, 181, 64, 17, 0, 0, 100, 0, 0, 0, 0, 0, 0, 0
199, 24, 186, 66, 22, 0, 0, 98, 0, 0, 0, 0, 0, 0, 0
199, 63, 190, 88, 0, 0, 0, 102, 0, 0, 0, 0, 0, 0, 0
200, 0, 441, 80, 263, 18, 0, 80, 0, 0, 0, 0, 0, 0, 0
200, 1, 571, 102, 265, 30, 0, 134, 40, 0, 0, 0, 0, 0, 0
200, 2, 500, 74, 279, 21, 8, 98, 20, 0, 0, 0, 0, 0, 0
200, 4, 556, 70, 327, 30, 0, 114, 15, 0, 0, 0, 0, 0, 0
200, 5, 576, 110, 281, 33, 8, 104, 40, 0, 0, 0, 0, 0, 0
200, 6, 636, 100, 344, 60, 8, 104, 20, 0, 0, 0, 0, 0, 0
200, 7, 426, 68, 240, 12, 8, 88, 10, 0, 0, 0, 0, 0, 0
200, 9, 189, 64, 23, 0, 0, 102, 0, 0, 0, 0, 0, 0, 0
200, 10, 178, 62, 18, 0, 0, 98, 0, 0, 0, 0, 0, 0, 0
200, 12, 169, 52, 15, 0, 0, 102, 0, 0, 0, 0, 0, 0, 0
200, 14, 190, 68, 20, 0, 0, 102, 0, 0, 0, 0, 0, 0, 0
200, 15, 190, 64, 24, 0, 0, 102, 0, 0, 0, 0, 0, 0, 0
200, 16, 175, 52, 23, 0, 0, 100, 0, 0, 0, 0, 0, 0, 0
200, 20, 193, 70, 23, 0, 0, 100, 0, 0, 0, 0, 0, 0, 0
200, 21, 185, 62, 25, 0, 0, 98, 0, 0, 0, 0, 0, 0, 0
200, 22, 181, 64, 17, 0, 0, 100, 0, 0, 0, 0, 0, 0, 0
200, 24, 186, 66, 22, 0, 0, 98, 0, 0, 0, 0, 0, 0, 0
200, 63, 190, 88, 0, 0, 0, 102, 0, 0, 0, 0, 0, 0, 0
201, 0, 443, 82, 263, 18, 0, 80, 0, 0, 0, 0, 0, 0, 0
201, 1, 574, 102, 268, 30, 0, 134, 40, 0, 0, 0, 0, 0, 0
201, 2, 502, 74, 279, 21, 8, 100, 20, 0, 0, 0, 0, 0, 0
201, 4, 556, 70, 327, 30, 0, 114, 15, 0, 0, 0, 0, 0, 0
201, 5, 576, 110, 281, 33, 8, 104, 40, 0, 0, 0, 0, 0, 0
201, 6, 638, 100, 344, 60, 8, 106, 20, 0, 0, 0, 0, 0, 0
201, 7, 429, 68, 243, 12, 8, 88, 10, 0, 0, 0, 0, 0, 0
201, 9, 189, 64, 23, 0, 0, 102, 0, 0, 0, 0, 0, 0, 0
201, 10, 178, 62, 18, 0, 0, 98, 0, 0, 0, 0, 0, 0, 0
201, 12, 169, 52, 15, 0, 0, 102, 0, 0, 0, 0, 0, 0, 0
201, 14, 190, 68, 20, 0, 0, 102, 0, 0, 0, 0, 0, 0, 0
201, 15, 190, 64, 24, 0, 0, 102, 0, 0, 0, 0, 0, 0, 0
201, 16, 175, 52, 23, 0, 0, 100, 0, 0, 0, 0, 0, 0, 0
201, 20, 195, 70, 23, 0, 0, 102, 0, 0, 0, 0, 0, 0, 0
201, 21, 185, 62, 25, 0, 0, 98, 0, 0, 0, 0, 0, 0, 0
201, 22, 181, 64, 17, 0, 0, 100, 0, 0, 0, 0, 0, 0, 0
201, 24, 186, 66, 22, 0, 0, 98, 0, 0, 0, 0, 0, 0, 0
201, 63, 192, 90, 0, 0, 0, 102, 0, 0, 0, 0, 0, 0, 0
202, 0, 450, 82, 270, 18, 0, 80, 0, 0, 0, 0, 0, 0, 0
202, 1, 574, 102, 268, 30, 0, 134, 40, 0, 0, 0, 0, 0, 0
202, 2, 507, 74, 284, 21, 8, 100, 20, 0, 0, 0, 0, 0, 0
202, 4, 560, 70, 331, 30, 0, 114, 15, 0, 0, 0, 0, 0, 0
202, 5, 578, 110, 281, 33, 8, 106, 40, 0, 0, 0, 0, 0, 0
202, 6, 639, 100, 345, 60, 8, 106, 20, 0, 0, 0, 0, 0, 0
202, 7, 430, 68, 244, 12, 8, 88, 10, 0, 0, 0, 0, 0, 0
202, 9, 191, 64, 23, 0, 0, 104, 0, 0, 0, 0, 0, 0, 0
202, 10, 180, 62, 18, 0, 0, 100, 0, 0, 0, 0, 0, 0, 0
202, 12, 170, 52, 14, 0, 0, 104, 0, 0, 0, 0, 0, 0, 0
202, 14, 192, 68, 20, 0, 0, 104, 0, 0, 0, 0, 0, 0, 0
202, 15, 192, 64, 24, 0, 0, 104, 0, 0, 0, 0, 0, 0, 0
202, 16, 175, 52, 23, 0, 0, 100, 0, 0, 0, 0, 0, 0, 0
202, 20, 197, 70, 23, 0, 0, 104, 0, 0, 0, 0, 0, 0, 0
202, 21, 185, 62, 25, 0, 0, 98, 0, 0, 0, 0, 0, 0, 0
202, 22, 181, 64, 17, 0, 0, 100, 0, 0, 0, 0, 0, 0, 0
202, 24, 188, 66, 22, 0, 0, 100, 0, 0, 0, 0, 0, 0, 0
202, 63, 194, 90, 0, 0, 0, 104, 0, 0, 0, 0, 0, 0, 0
203, 0, 453, 82, 273, 18, 0, 80, 0, 0, 0, 0, 0, 0, 0
203, 1, 578, 102, 272, 30, 0, 134, 40, 0, 0, 0, 0, 0, 0
203, 2, 510, 74, 287, 21, 8, 100, 20, 0, 0, 0, 0, 0, 0
203, 4, 563, 70, 332, 30, 0, 116, 15, 0, 0, 0, 0, 0, 0
203, 5, 578, 110, 281, 33, 8, 106, 40, 0, 0, 0, 0, 0, 0
203, 6, 643, 100, 347, 60, 8, 108, 20, 0, 0, 0, 0, 0, 0
203, 7, 434, 70, 244, 12, 8, 90, 10, 0, 0, 0, 0, 0, 0
203, 9, 191, 64, 23, 0, 0, 104, 0, 0, 0, 0, 0, 0, 0
203, 10, 182, 62, 18, 0, 0, 102, 0, 0, 0, 0, 0, 0, 0
203, 12, 170, 52, 14, 0, 0, 104, 0, 0, 0, 0, 0, 0, 0
203, 14, 192, 68, 20, 0, 0, 104, 0, 0, 0, 0, 0, 0, 0
203, 15, 192, 64, 24, 0, 0, 104, 0, 0, 0, 0, 0, 0, 0
203, 16, 175, 52, 23, 0, 0, 100, 0, 0, 0, 0, 0, 0, 0
203, 20, 197, 70, 23, 0, 0, 104, 0, 0, 0, 0, 0, 0, 0
203, 21, 185, 62, 25, 0, 0, 98, 0, 0, 0, 0, 0, 0, 0
203, 22, 181, 64, 17, 0, 0, 100, 0, 0, 0, 0, 0, 0, 0
203, 24, 190, 66, 22, 0, 0, 102, 0, 0, 0, 0, 0, 0, 0
203, 63, 194, 90, 0, 0, 0, 104, 0, 0, 0, 0, 0, 0, 0
204, 0, 455, 82, 273, 18, 0, 82, 0, 0, 0, 0, 0, 0, 0
204, 1, 585, 104, 277, 30, 0, 134, 40, 0, 0, 0, 0, 0, 0
204, 2, 512, 74, 287, 21, 8, 102, 20, 0, 0, 0, 0, 0, 0
204, 4, 564, 70, 333, 30, 0, 116, 15, 0, 0, 0, 0, 0, 0
204, 5, 582, 110, 283, 33, 8, 108, 40, 0, 0, 0, 0, 0, 0
204, 6, 646, 102, 348, 60, 8, 108, 20, 0, 0, 0, 0, 0, 0
204, 7, 436, 70, 246, 12, 8, 90, 10, 0, 0, 0, 0, 0, 0
204, 9, 191, 64, 23, 0, 0, 104, 0, 0, 0, 0, 0, 0, 0
204, 10, 184, 62, 18, 0, 0, 104, 0, 0, 0, 0, 0, 0, 0
204, 12, 170, 52, 14, 0, 0, 104, 0, 0, 0, 0, 0, 0, 0
204, 14, 194, 68, 20, 0, 0, 106, 0, 0, 0, 0, 0, 0, 0
204, 15, 194, 64, 24, 0, 0, 106, 0, 0, 0, 0, 0, 0, 0
204, 16, 175, 52, 23, 0, 0, 100, 0, 0, 0, 0, 0, 0, 0
204, 20, 199, 70, 23, 0, 0, 106, 0, 0, 0, 0, 0, 0, 0
204, 21, 185, 62, 25, 0, 0, 98, 0, 0, 0, 0, 0, 0, 0
204, 22, 181, 64, 17, 0, 0, 100, 0, 0, 0, 0, 0, 0, 0
204, 24, 190, 66, 22, 0, 0, 102, 0, 0, 0, 0, 0, 0, 0
204, 63, 196, 90, 0, 0, 0, 106, 0, 0, 0, 0, 0, 0, 0
205, 0, 460, 82, 276, 18, 0, 84, 0, 0, 0, 0, 0, 0, 0
205, 1, 586, 104, 278, 30, 0, 134, 40, 0, 0, 0, 0, 0, 0
205, 2, 513, 74, 288, 21, 8, 102, 20, 0, 0, 0, 0, 0, 0
205, 4, 568, 70, 335, 30, 0, 118, 15, 0, 0, 0, 0, 0, 0
205, 5, 582, 110, 283, 33, 8, 108, 40, 0, 0, 0, 0, 0, 0
205, 6, 649, 104, 349, 60, 8, 108, 20, 0, 0, 0, 0, 0, 0
205, 7, 436, 70, 246, 12, 8, 90, 10, 0, 0, 0, 0, 0, 0
205, 9, 191, 64, 23, 0, 0, 104, 0, 0, 0, 0, 0, 0, 0
205, 10, 184, 62, 18, 0, 0, 104, 0, 0, 0, 0, 0, 0, 0
205, 12, 170, 52, 14, 0, 0, 104, 0, 0, 0, 0, 0, 0, 0
205, 14, 194, 68, 20, 0, 0, 106, 0, 0, 0, 0, 0, 0, 0
205, 15, 194, 64, 24, 0, 0, 106, 0, 0, 0, 0, 0, 0, 0
205, 16, 175, 52, 23, 0, 0, 100, 0, 0, 0, 0, 0, 0, 0
205, 20, 199, 70, 23, 0, 0, 106, 0, 0, 0, 0, 0, 0, 0
205, 21, 187, 62, 25, 0, 0, 100, 0, 0, 0, 0, 0, 0, 0
205, 22, 183, 64, 17, 0, 0, 102, 0, 0, 0, 0, 0, 0, 0
205, 24, 190, 66, 22, 0, 0, 102, 0, 0, 0, 0, 0, 0, 0
205, 63, 196, 90, 0, 0, 0, 106, 0, 0, 0, 0, 0, 0, 0
206, 0, 463, 84, 277, 18, 0, 84, 0, 0, 0, 0, 0, 0, 0
206, 1, 593, 104, 285, 30, 0, 134, 40, 0, 0, 0, 0, 0, 0
206, 2, 516, 74, 291, 21, 8, 102, 20, 0, 0, 0, 0, 0, 0
206, 4, 568, 70, 335, 30, 0, 118, 15, 0, 0, 0, 0, 0, 0
206, 5, 584, 112, 283, 33, 8, 108, 40, 0, 0, 0, 0, 0, 0
206, 6, 651, 104, 349, 60, 8, 110, 20, 0, 0, 0, 0, 0, 0
206, 7, 438, 70, 246, 12, 8, 92, 10, 0, 0, 0, 0, 0, 0
206, 9, 191, 64, 23, 0, 0, 104, 0, 0, 0, 0, 0, 0, 0
206, 10, 184, 62, 18, 0, 0, 104, 0, 0, 0, 0, 0, 0, 0
206, 12, 172, 52, 14, 0, 0, 106, 0, 0, 0, 0, 0, 0, 0
206, 14, 194, 68, 20, 0, 0, 106, 0, 0, 0, 0, 0, 0, 0
206, 15, 194, 64, 24, 0, 0, 106, 0, 0, 0, 0, 0, 0, 0
206, 16, 175, 52, 23, 0, 0, 100, 0, 0, 0, 0, 0, 0, 0
206, 20, 199, 70, 23, 0, 0, 106, 0, 0, 0, 0, 0, 0, 0
206, 21, 189, 62, 25, 0, 0, 102, 0, 0, 0, 0, 0, 0, 0
206, 22, 185, 64, 17, 0, 0, 104, 0, 0, 0, 0, 0, 0, 0
206, 24, 190, 66, 22, 0, 0, 102, 0, 0, 0, 0, 0, 0, 0
206, 63, 198, 92, 0, 0, 0, 106, 0, 0, 0, 0, 0, 0, 0
207, 0, 473, 84, 285, 18, 0, 86, 0, 0, 0, 0, 0, 0, 0
207, 1, 597, 104, 287, 30, 0, 136, 40, 0, 0, 0, 0, 0, 0
207, 2, 516, 74, 291, 21, 8, 102, 20, 0, 0, 0, 0, 0, 0
207, 4, 569, 70, 336, 30, 0, 118, 15, 0, 0, 0, 0, 0, 0
207, 5, 589, 112, 286, 33, 8, 110, 40, 0, 0, 0, 0, 0, 0
207, 6, 652, 104, 350, 60, 8, 110, 20, 0, 0, 0, 0, 0, 0
207, 7, 441, 72, 247, 12, 8, 92, 10, 0, 0, 0, 0, 0, 0
207, 9, 191, 64, 23, 0, 0, 104, 0, 0, 0, 0, 0, 0, 0
207, 10, 186, 62, 18, 0, 0, 106, 0, 0, 0, 0, 0, 0, 0
207, 12, 174, 52, 14, 0, 0, 108, 0, 0, 0, 0, 0, 0, 0
207, 14, 194, 68, 20, 0, 0, 106, 0, 0, 0, 0, 0, 0, 0
207, 15, 194, 64, 24, 0, 0, 106, 0, 0, 0, 0, 0, 0, 0
207, 16, 177, 52, 23, 0, 0, 102, 0, 0, 0, 0, 0, 0, 0
207, 20, 199, 70, 23, 0, 0, 106, 0, 0, 0, 0, 0, 0, 0
207, 21, 191, 62, 25, 0, 0, 104, 0, 0, 0, 0, 0, 0, 0
207, 22, 186, 64, 18, 0, 0, 104, 0, 0, 0, 0, 0, 0, 0
207, 24, 190, 66, 22, 0, 0, 102, 0, 0, 0, 0, 0, 0, 0
207, 63, 200, 92, 0, 0, 0, 108, 0, 0, 0, 0, 0, 0, 0
208, 0, 473, 84, 285, 18, 0, 86, 0, 0, 0, 0, 0, 0, 0
208, 1, 604, 104, 294, 30, 0, 136, 40, 0, 0, 0, 0, 0, 0
208, 2, 517, 74, 292, 21, 8, 102, 20, 0, 0, 0, 0, 0, 0
208, 4, 571, 72, 336, 30, 0, 118, 15, 0, 0, 0, 0, 0, 0
208, 5, 590, 112, 287, 33, 8, 110, 40, 0, 0, 0, 0, 0, 0
208, 6, 656, 104, 354, 60, 8, 110, 20, 0, 0, 0, 0, 0, 0
208, 7, 442, 72, 248, 12, 8, 92, 10, 0, 0, 0, 0, 0, 0
208, 9, 191, 64, 23, 0, 0, 104, 0, 0, 0, 0, 0, 0, 0
208, 10, 188, 62, 18, 0, 0, 108, 0, 0, 0, 0, 0, 0, 0
208, 12, 174, 52, 14, 0, 0, 108, 0, 0, 0, 0, 0, 0, 0
208, 14, 196, 68, 20, 0, 0, 108, 0, 0, 0, 0, 0, 0, 0
208, 15, 194, 64, 24, 0, 0, 106, 0, 0, 0, 0, 0, 0, 0
208, 16, 179, 52, 23, 0, 0, 104, 0, 0, 0, 0, 0, 0, 0
208, 20, 201, 70, 23, 0, 0, 108, 0, 0, 0, 0, 0, 0, 0
208, 21, 191, 62, 25, 0, 0, 104, 0, 0, 0, 0, 0, 0, 0
208, 22, 186, 64, 18, 0, 0, 104, 0, 0, 0, 0, 0, 0, 0
208, 24, 192, 66, 22, 0, 0, 104, 0, 0, 0, 0, 0, 0, 0
208, 63, 200, 92, 0, 0, 0, 108, 0, 0, 0, 0, 0, 0, 0
209, 0, 475, 86, 285, 18, 0, 86, 0, 0, 0, 0, 0, 0, 0
209, 1, 605, 104, 295, 30, 0, 136, 40, 0, 0, 0, 0, 0, 0
209, 2, 520, 74, 295, 21, 8, 102, 20, 0, 0, 0, 0, 0, 0
209, 4, 579, 72, 339, 33, 0, 120, 15, 0, 0, 0, 0, 0, 0
209, 5, 591, 112, 288, 33, 8, 110, 40, 0, 0, 0, 0, 0, 0
209, 6, 657, 104, 355, 60, 8, 110, 20, 0, 0, 0, 0, 0, 0
209, 7, 443, 72, 249, 12, 8, 92, 10, 0, 0, 0, 0, 0, 0
209, 9, 191, 64, 23, 0, 0, 104, 0, 0, 0, 0, 0, 0, 0
209, 10, 188, 62, 18, 0, 0, 108, 0, 0, 0, 0, 0, 0, 0
209, 12, 174, 52, 14, 0, 0, 108, 0, 0, 0, 0, 0, 0, 0
209, 14, 196, 68, 20, 0, 0, 108, 0, 0, 0, 0, 0, 0, 0
209, 15, 194, 64, 24, 0, 0, 106, 0, 0, 0, 0, 0, 0, 0
209, 16, 181, 52, 23, 0, 0, 106, 0, 0, 0, 0, 0, 0, 0
209, 20, 201, 70, 23, 0, 0, 108, 0, 0, 0, 0, 0, 0, 0
209, 21, 191, 62, 25, 0, 0, 104, 0, 0, 0, 0, 0, 0, 0
209, 22, 186, 64, 18, 0, 0, 104, 0, 0, 0, 0, 0, 0, 0
209, 24, 194, 66, 22, 0, 0, 106, 0, 0, 0, 0, 0, 0, 0
209, 63, 200, 92, 0, 0, 0, 108, 0, 0, 0, 0, 0, 0, 0
210, 0, 476, 86, 286, 18, 0, 86, 0, 0, 0, 0, 0, 0, 0
210, 1, 606, 104, 296, 30, 0, 136, 40, 0, 0, 0, 0, 0, 0
210, 2, 521, 74, 296, 21, 8, 102, 20, 0, 0, 0, 0, 0, 0
210, 4, 582, 72, 342, 33, 0, 120, 15, 0, 0, 0, 0, 0, 0
210, 5, 591, 112, 288, 33, 8, 110, 40, 0, 0, 0, 0, 0, 0
210, 6, 657, 104, 355, 60, 8, 110, 20, 0, 0, 0, 0, 0, 0
210, 7, 445, 72, 249, 12, 8, 94, 10, 0, 0, 0, 0, 0, 0
210, 9, 191, 64, 23, 0, 0, 104, 0, 0, 0, 0, 0, 0, 0
210, 10, 188, 62, 18, 0, 0, 108, 0, 0, 0, 0, 0, 0, 0
210, 12, 174, 52, 14, 0, 0, 108, 0, 0, 0, 0, 0, 0, 0
210, 14, 196, 68, 20, 0, 0, 108, 0, 0, 0, 0, 0, 0, 0
210, 15, 194, 64, 24, 0, 0, 106, 0, 0, 0, 0, 0, 0, 0
210, 16, 183, 52, 23, 0, 0, 108, 0, 0, 0, 0, 0, 0, 0
210, 20, 201, 70, 23, 0, 0, 108, 0, 0, 0, 0, 0, 0, 0
210, 21, 191, 62, 25, 0, 0, 104, 0, 0, 0, 0, 0, 0, 0
210, 22, 186, 64, 18, 0, 0, 104, 0, 0, 0, 0, 0, 0, 0
210, 24, 196, 66, 22, 0, 0, 108, 0, 0, 0, 0, 0, 0, 0
210, 63, 200, 92, 0, 0, 0, 108, 0, 0, 0, 0, 0, 0, 0
211, 0, 483, 88, 289, 18, 0, 88, 0, 0, 0, 0, 0, 0, 0
211, 1, 612, 106, 300, 30, 0, 136, 40, 0, 0, 0, 0, 0, 0
211, 2, 522, 74, 297, 21, 8, 102, 20, 0, 0, 0, 0, 0, 0
211, 4, 587, 72, 347, 33, 0, 120, 15, 0, 0, 0, 0, 0, 0
211, 5, 596, 114, 289, 33, 8, 112, 40, 0, 0, 0, 0, 0, 0
211, 6, 657, 104, 355, 60, 8, 110, 20, 0, 0, 0, 0, 0, 0
211, 7, 447, 72, 249, 12, 8, 96, 10, 0, 0, 0, 0, 0, 0
211, 9, 191, 64, 23, 0, 0, 104, 0, 0, 0, 0, 0, 0, 0
211, 10, 188, 62, 18, 0, 0, 108, 0, 0, 0, 0, 0, 0, 0
211, 12, 174, 52, 14, 0, 0, 108, 0, 0, 0, 0, 0, 0, 0
211, 14, 196, 68, 20, 0, 0, 108, 0, 0, 0, 0, 0, 0, 0
211, 15, 194, 64, 24, 0, 0, 106, 0, 0, 0, 0, 0, 0, 0
211, 16, 185, 52, 23, 0, 0, 110, 0, 0, 0, 0, 0, 0, 0
211, 20, 201, 70, 23, 0, 0, 108, 0, 0, 0, 0, 0, 0, 0
211, 21, 194, 64, 26, 0, 0, 104, 0, 0, 0, 0, 0, 0, 0
211, 22, 186, 64, 18, 0, 0, 104, 0, 0, 0, 0, 0, 0, 0
211, 24, 196, 66, 22, 0, 0, 108, 0, 0, 0, 0, 0, 0, 0
211, 63, 200, 92, 0, 0, 0, 108, 0, 0, 0, 0, 0, 0, 0
212, 0, 486, 90, 290, 18, 0, 88, 0, 0, 0, 0, 0, 0, 0
212, 1, 613, 106, 301, 30, 0, 136, 40, 0, 0, 0, 0, 0, 0
212, 2, 523, 74, 298, 21, 8, 102, 20, 0, 0, 0, 0, 0, 0
212, 4, 590, 72, 350, 33, 0, 120, 15, 0, 0, 0, 0, 0, 0
212, 5, 599, 114, 292, 33, 8, 112, 40, 0, 0, 0, 0, 0, 0
212, 6, 663, 106, 357, 60, 8, 112, 20, 0, 0, 0, 0, 0, 0
212, 7, 449, 72, 249, 12, 8, 98, 10, 0, 0, 0, 0, 0, 0
212, 9, 191, 64, 23, 0, 0, 104, 0, 0, 0, 0, 0, 0, 0
212, 10, 188, 62, 18, 0, 0, 108, 0, 0, 0, 0, 0, 0, 0
212, 12, 174, 52, 14, 0, 0, 108, 0, 0, 0, 0, 0, 0, 0
212, 14, 196, 68, 20, 0, 0, 108, 0, 0, 0, 0, 0, 0, 0
212, 15, 194, 64, 24, 0, 0, 106, 0, 0, 0, 0, 0, 0, 0
212, 16, 186, 52, 24, 0, 0, 110, 0, 0, 0, 0, 0, 0, 0
212, 20, 201, 70, 23, 0, 0, 108, 0, 0, 0, 0, 0, 0, 0
212, 21, 194, 64, 26, 0, 0, 104, 0, 0, 0, 0, 0, 0, 0
212, 22, 186, 64, 18, 0, 0, 104, 0, 0, 0, 0, 0, 0, 0
212, 24, 196, 66, 22, 0, 0, 108, 0, 0, 0, 0, 0, 0, 0
212, 63, 200, 92, 0, 0, 0, 108, 0, 0, 0, 0, 0, 0, 0
213, 0, 494, 92, 294, 18, 0, 90, 0, 0, 0, 0, 0, 0, 0
213, 1, 616, 106, 302, 30, 0, 138, 40, 0, 0, 0, 0, 0, 0
213, 2, 527, 76, 298, 21, 8, 104, 20, 0, 0, 0, 0, 0, 0
213, 4, 591, 72, 351, 33, 0, 120, 15, 0, 0, 0, 0, 0, 0
213, 5, 599, 114, 292, 33, 8, 112, 40, 0, 0, 0, 0, 0, 0
213, 6, 670, 106, 364, 60, 8, 112, 20, 0, 0, 0, 0, 0, 0
213, 7, 454, 72, 252, 12, 8, 100, 10, 0, 0, 0, 0, 0, 0
213, 9, 191, 64, 23, 0, 0, 104, 0, 0, 0, 0, 0, 0, 0
213, 10, 188, 62, 18, 0, 0, 108, 0, 0, 0, 0, 0, 0, 0
213, 12, 174, 52, 14, 0, 0, 108, 0, 0, 0, 0, 0, 0, 0
213, 14, 196, 68, 20, 0, 0, 108, 0, 0, 0, 0, 0, 0, 0
213, 15, 194, 64, 24, 0, 0, 106, 0, 0, 0, 0, 0, 0, 0
213, 16, 186, 52, 24, 0, 0, 110, 0, 0, 0, 0, 0, 0, 0
213, 20, 201, 70, 23, 0, 0, 108, 0, 0, 0, 0, 0, 0, 0
213, 21, 194, 64, 26, 0, 0, 104, 0, 0, 0, 0, 0, 0, 0
213, 22, 186, 64, 18, 0, 0, 104, 0, 0, 0, 0, 0, 0, 0
213, 24, 196, 66, 22, 0, 0, 108, 0, 0, 0, 0, 0, 0, 0
213, 63, 200, 92, 0, 0, 0, 108, 0, 0, 0, 0, 0, 0, 0
214, 0, 496, 94, 294, 18, 0, 90, 0, 0, 0, 0, 0, 0, 0
214, 1, 617, 106, 303, 30, 0, 138, 40, 0, 0, 0, 0, 0, 0
214, 2, 528, 76, 299, 21, 8, 104, 20, 0, 0, 0, 0, 0, 0
214, 4, 595, 72, 353, 33, 0, 122, 15, 0, 0, 0, 0, 0, 0
214, 5, 599, 114, 292, 33, 8, 112, 40, 0, 0, 0, 0, 0, 0
214, 6, 673, 108, 365, 60, 8, 112, 20, 0, 0, 0, 0, 0, 0
214, 7, 458, 74, 252, 12, 8, 102, 10, 0, 0, 0, 0, 0, 0
214, 9, 191, 64, 23, 0, 0, 104, 0, 0, 0, 0, 0, 0, 0
214, 10, 188, 62, 18, 0, 0, 108, 0, 0, 0, 0, 0, 0, 0
214, 12, 174, 52, 14, 0, 0, 108, 0, 0, 0, 0, 0, 0, 0
214, 14, 196, 68, 20, 0, 0, 108, 0, 0, 0, 0, 0, 0, 0
214, 15, 194, 64, 24, 0, 0, 106, 0, 0, 0, 0, 0, 0, 0
214, 16, 186, 52, 24, 0, 0, 110, 0, 0, 0, 0, 0, 0, 0
214, 20, 201, 70, 23, 0, 0, 108, 0, 0, 0, 0, 0, 0, 0
214, 21, 194, 64, 26, 0, 0, 104, 0, 0, 0, 0, 0, 0, 0
214, 22, 186, 64, 18, 0, 0, 104, 0, 0, 0, 0, 0, 0, 0
214, 24, 196, 66, 22, 0, 0, 108, 0, 0, 0, 0, 0, 0, 0
214, 63, 202, 94, 0, 0, 0, 108, 0, 0, 0, 0, 0, 0, 0
215, 0, 501, 96, 295, 18, 0, 92, 0, 0, 0, 0, 0, 0, 0
215, 1, 619, 106, 305, 30, 0, 138, 40, 0, 0, 0, 0, 0, 0
215, 2, 531, 76, 302, 21, 8, 104, 20, 0, 0, 0, 0, 0, 0
215, 4, 597, 74, 353, 33, 0, 122, 15, 0, 0, 0, 0, 0, 0
215, 5, 604, 114, 295, 33, 8, 114, 40, 0, 0, 0, 0, 0, 0
215, 6, 676, 108, 366, 60, 8, 114, 20, 0, 0, 0, 0, 0, 0
215, 7, 465, 74, 257, 12, 8, 104, 10, 0, 0, 0, 0, 0, 0
215, 9, 193, 64, 23, 0, 0, 106, 0, 0, 0, 0, 0, 0, 0
215, 10, 188, 62, 18, 0, 0, 108, 0, 0, 0, 0, 0, 0, 0
215, 12, 176, 52, 14, 0, 0, 110, 0, 0, 0, 0, 0, 0, 0
215, 14, 196, 68, 20, 0, 0, 108, 0, 0, 0, 0, 0, 0, 0
215, 15, 196, 64, 24, 0, 0, 108, 0, 0, 0, 0, 0, 0, 0
215, 16, 186, 52, 24, 0, 0, 110, 0, 0, 0, 0, 0, 0, 0
215, 20, 201, 70, 23, 0, 0, 108, 0, 0, 0, 0, 0, 0, 0
215, 21, 196, 64, 26, 0, 0, 106, 0, 0, 0, 0, 0, 0, 0
215, 22, 188, 64, 18, 0, 0, 106, 0, 0, 0, 0, 0, 0, 0
215, 24, 198, 66, 22, 0, 0, 110, 0, 0, 0, 0, 0, 0, 0
215, 63, 204, 94, 0, 0, 0, 110, 0, 0, 0, 0, 0, 0, 0
216, 0, 505, 96, 299, 18, 0, 92, 0, 0, 0, 0, 0, 0, 0
216, 1, 626, 106, 312, 30, 0, 138, 40, 0, 0, 0, 0, 0, 0
216, 2, 534, 76, 303, 21, 8, 106, 20, 0, 0, 0, 0, 0, 0
216, 4, 600, 74, 354, 33, 0, 124, 15, 0, 0, 0, 0, 0, 0
216, 5, 604, 114, 295, 33, 8, 114, 40, 0, 0, 0, 0, 0, 0
216, 6, 676, 108, 366, 60, 8, 114, 20, 0, 0, 0, 0, 0, 0
216, 7, 467, 74, 257, 12, 8, 106, 10, 0, 0, 0, 0, 0, 0
216, 9, 195, 64, 23, 0, 0, 108, 0, 0, 0, 0, 0, 0, 0
216, 10, 188, 62, 18, 0, 0, 108, 0, 0, 0, 0, 0, 0, 0
216, 12, 176, 52, 14, 0, 0, 110, 0, 0, 0, 0, 0, 0, 0
216, 14, 196, 68, 20, 0, 0, 108, 0, 0, 0, 0, 0, 0, 0
216, 15, 198, 64, 24, 0, 0, 110, 0, 0, 0, 0, 0, 0, 0
216, 16, 186, 52, 24, 0, 0, 110, 0, 0, 0, 0, 0, 0, 0
216, 20, 201, 70, 23, 0, 0, 108, 0, 0, 0, 0, 0, 0, 0
216, 21, 198, 64, 26, 0, 0, 108, 0, 0, 0, 0, 0, 0, 0
216, 22, 190, 64, 18, 0, 0, 108, 0, 0, 0, 0, 0, 0, 0
216, 24, 198, 66, 22, 0, 0, 110, 0, 0, 0, 0, 0, 0, 0
216, 63, 204, 94, 0, 0, 0, 110, 0, 0, 0, 0, 0, 0, 0
217, 0, 511, 98, 300, 21, 0, 92, 0, 0, 0, 0, 0, 0, 0
217, 1, 628, 108, 312, 30, 0, 138, 40, 0, 0, 0, 0, 0, 0
217, 2, 534, 76, 303, 21, 8, 106, 20, 0, 0, 0, 0, 0, 0
217, 4, 602, 74, 356, 33, 0, 124, 15, 0, 0, 0, 0, 0, 0
217, 5, 605, 114, 296, 33, 8, 114, 40, 0, 0, 0, 0, 0, 0
217, 6, 677, 108, 367, 60, 8, 114, 20, 0, 0, 0, 0, 0, 0
217, 7, 467, 74, 257, 12, 8, 106, 10, 0, 0, 0, 0, 0, 0
217, 9, 197, 64, 23, 0, 0, 110, 0, 0, 0, 0, 0, 0, 0
217, 10, 188, 62, 18, 0, 0, 108, 0, 0, 0, 0, 0, 0, 0
217, 12, 176, 52, 14, 0, 0, 110, 0, 0, 0, 0, 0, 0, 0
217, 14, 196, 68, 20, 0, 0, 108, 0, 0, 0, 0, 0, 0, 0
217, 15, 198, 64, 24, 0, 0, 110, 0, 0, 0, 0, 0, 0, 0
217, 16, 186, 52, 24, 0, 0, 110, 0, 0, 0, 0, 0, 0, 0
217, 20, 201, 70, 23, 0, 0, 108, 0, 0, 0, 0, 0, 0, 0
217, 21, 200, 64, 26, 0, 0, 110, 0, 0, 0, 0, 0, 0, 0
217, 22, 192, 64, 18, 0, 0, 110, 0, 0, 0, 0, 0, 0, 0
217, 24, 198, 66, 22, 0, 0, 110, 0, 0, 0, 0, 0, 0, 0
217, 63, 206, 96, 0, 0, 0, 110, 0, 0, 0, 0, 0, 0, 0
218, 0, 512, 98, 301, 21, 0, 92, 0, 0, 0, 0, 0, 0, 0
218, 1, 632, 108, 316, 30, 0, 138, 40, 0, 0, 0, 0, 0, 0
218, 2, 535, 76, 304, 21, 8, 106, 20, 0, 0, 0, 0, 0, 0
218, 4, 605, 74, 357, 33, 0, 126, 15, 0, 0, 0, 0, 0, 0
218, 5, 605, 114, 296, 33, 8, 114, 40, 0, 0, 0, 0, 0, 0
218, 6, 683, 108, 371, 60, 8, 116, 20, 0, 0, 0, 0, 0, 0
218, 7, 472, 74, 260, 12, 8, 108, 10, 0, 0, 0, 0, 0, 0
218, 9, 197, 64, 23, 0, 0, 110, 0, 0, 0, 0, 0, 0, 0
218, 10, 188, 62, 18, 0, 0, 108, 0, 0, 0, 0, 0, 0, 0
218, 12, 176, 52, 14, 0, 0, 110, 0, 0, 0, 0, 0, 0, 0
218, 14, 196, 68, 20, 0, 0, 108, 0, 0, 0, 0, 0, 0, 0
218, 15, 198, 64, 24, 0, 0, 110, 0, 0, 0, 0, 0, 0, 0
218, 16, 186, 52, 24, 0, 0, 110, 0, 0, 0, 0, 0, 0, 0
218, 20, 201, 70, 23, 0, 0, 108, 0, 0, 0, 0, 0, 0, 0
218, 21, 200, 64, 26, 0, 0, 110, 0, 0, 0, 0, 0, 0, 0
218, 22, 192, 64, 18, 0, 0, 110, 0, 0, 0, 0, 0, 0, 0
218, 24, 199, 66, 23, 0, 0, 110, 0, 0, 0, 0, 0, 0, 0
218, 63, 206, 96, 0, 0, 0, 110, 0, 0, 0, 0, 0, 0, 0
219, 0, 515, 98, 304, 21, 0, 92, 0, 0, 0, 0, 0, 0, 0
219, 1, 632, 108, 316, 30, 0, 138, 40, 0, 0, 0, 0, 0, 0
219, 2, 537, 76, 304, 21, 8, 108, 20, 0, 0, 0, 0, 0, 0
219, 4, 606, 74, 358, 33, 0, 126, 15, 0, 0, 0, 0, 0, 0
219, 5, 610, 116, 297, 33, 8, 116, 40, 0, 0, 0, 0, 0, 0
219, 6, 684, 108, 372, 60, 8, 116, 20, 0, 0, 0, 0, 0, 0
219, 7, 479, 74, 267, 12, 8, 108, 10, 0, 0, 0, 0, 0, 0
219, 9, 199, 64, 23, 0, 0, 112, 0, 0, 0, 0, 0, 0, 0
219, 10, 190, 62, 18, 0, 0, 110, 0, 0, 0, 0, 0, 0, 0
219, 12, 176, 52, 14, 0, 0, 110, 0, 0, 0, 0, 0, 0, 0
219, 14, 198, 68, 20, 0, 0, 110, 0, 0, 0, 0, 0, 0, 0
219, 15, 198, 64, 24, 0, 0, 110, 0, 0, 0, 0, 0, 0, 0
219, 16, 186, 52, 24, 0, 0, 110, 0, 0, 0, 0, 0, 0, 0
219, 20, 203, 70, 23, 0, 0, 110, 0, 0, 0, 0, 0, 0, 0
219, 21, 200, 64, 26, 0, 0, 110, 0, 0, 0, 0, 0, 0, 0
219, 22, 194, 64, 18, 0, 0, 112, 0, 0, 0, 0, 0, 0, 0
219, 24, 199, 66, 23, 0, 0, 110, 0, 0, 0, 0, 0, 0, 0
219, 63, 208, 96, 0, 0, 0, 112, 0, 0, 0, 0, 0, 0, 0
220, 0, 522, 100, 307, 21, 0, 94, 0, 0, 0, 0, 0, 0, 0
220, 1, 643, 108, 325, 30, 0, 140, 40, 0, 0, 0, 0, 0, 0
220, 2, 540, 76, 307, 21, 8, 108, 20, 0, 0, 0, 0, 0, 0
220, 4, 610, 74, 362, 33, 0, 126, 15, 0, 0, 0, 0, 0, 0
220, 5, 614, 116, 301, 33, 8, 116, 40, 0, 0, 0, 0, 0, 0
220, 6, 691, 108, 379, 60, 8, 116, 20, 0, 0, 0, 0, 0, 0
220, 7, 479, 74, 267, 12, 8, 108, 10, 0, 0, 0, 0, 0, 0
220, 9, 199, 64, 23, 0, 0, 112, 0, 0, 0, 0, 0, 0, 0
220, 10, 190, 62, 18, 0, 0, 110, 0, 0, 0, 0, 0, 0, 0
220, 12, 176, 52, 14, 0, 0, 110, 0, 0, 0, 0, 0, 0, 0
220, 14, 198, 68, 20, 0, 0, 110, 0, 0, 0, 0, 0, 0, 0
220, 15, 198, 64, 24, 0, 0, 110, 0, 0, 0, 0, 0, 0, 0
220, 16, 186, 52, 24, 0, 0, 110, 0, 0, 0, 0, 0, 0, 0
220, 20, 203, 70, 23, 0, 0, 110, 0, 0, 0, 0, 0, 0, 0
220, 21, 200, 64, 26, 0, 0, 110, 0, 0, 0, 0, 0, 0, 0
220, 22, 194, 64, 18, 0, 0, 112, 0, 0, 0, 0, 0, 0, 0
220, 24, 199, 66, 23, 0, 0, 110, 0, 0, 0, 0, 0, 0, 0
220, 63, 210, 98, 0, 0, 0, 112, 0, 0, 0, 0, 0, 0, 0
221, 0, 523, 100, 308, 21, 0, 94, 0, 0, 0, 0, 0, 0, 0
221, 1, 645, 108, 327, 30, 0, 140, 40, 0, 0, 0, 0, 0, 0
221, 2, 543, 76, 310, 21, 8, 108, 20, 0, 0, 0, 0, 0, 0
221, 4, 616, 76, 364, 33, 0, 128, 15, 0, 0, 0, 0, 0, 0
221, 5, 615, 116, 302, 33, 8, 116, 40, 0, 0, 0, 0, 0, 0
221, 6, 691, 108, 379, 60, 8, 116, 20, 0, 0, 0, 0, 0, 0
221, 7, 482, 74, 268, 12, 8, 110, 10, 0, 0, 0, 0, 0, 0
221, 9, 199, 64, 23, 0, 0, 112, 0, 0, 0, 0, 0, 0, 0
221, 10, 190, 62, 18, 0, 0, 110, 0, 0, 0, 0, 0, 0, 0
221, 12, 176, 52, 14, 0, 0, 110, 0, 0, 0, 0, 0, 0, 0
221, 14, 198, 68, 20, 0, 0, 110, 0, 0, 0, 0, 0, 0, 0
221, 15, 198, 64, 24, 0, 0, 110, 0, 0, 0, 0, 0, 0, 0
221, 16, 186, 52, 24, 0, 0, 110, 0, 0, 0, 0, 0, 0, 0
221, 20, 203, 70, 23, 0, 0, 110, 0, 0, 0, 0, 0, 0, 0
221, 21, 200, 64, 26, 0, 0, 110, 0, 0, 0, 0, 0, 0, 0
221, 22, 194, 64, 18, 0, 0, 112, 0, 0, 0, 0, 0, 0, 0
221, 24, 199, 66, 23, 0, 0, 110, 0, 0, 0, 0, 0, 0, 0
221, 63, 210, 98, 0, 0, 0, 112, 0, 0, 0, 0, 0, 0, 0
222, 0, 525, 100, 308, 21, 0, 96, 0, 0, 0, 0, 0, 0, 0
222, 1, 648, 108, 330, 30, 0, 140, 40, 0, 0, 0, 0, 0, 0
222, 2, 543, 76, 310, 21, 8, 108, 20, 0, 0, 0, 0, 0, 0
222, 4, 616, 76, 364, 33, 0, 128, 15, 0, 0, 0, 0, 0, 0
222, 5, 617, 116, 302, 33, 8, 118, 40, 0, 0, 0, 0, 0, 0
222, 6, 699, 110, 383, 60, 8, 118, 20, 0, 0, 0, 0, 0, 0
222, 7, 486, 76, 270, 12, 8, 110, 10, 0, 0, 0, 0, 0, 0
222, 9, 201, 64, 23, 0, 0, 114, 0, 0, 0, 0, 0, 0, 0
222, 10, 192, 62, 18, 0, 0, 112, 0, 0, 0, 0, 0, 0, 0
222, 12, 176, 52, 14, 0, 0, 110, 0, 0, 0, 0, 0, 0, 0
222, 14, 200, 68, 20, 0, 0, 112, 0, 0, 0, 0, 0, 0, 0
222, 15, 198, 64, 24, 0, 0, 110, 0, 0, 0, 0, 0, 0, 0
222, 16, 186, 52, 24, 0, 0, 110, 0, 0, 0, 0, 0, 0, 0
222, 20, 205, 70, 23, 0, 0, 112, 0, 0, 0, 0, 0, 0, 0
222, 21, 200, 64, 26, 0, 0, 110, 0, 0, 0, 0, 0, 0, 0
222, 22, 196, 64, 18, 0, 0, 114, 0, 0, 0, 0, 0, 0, 0
222, 24, 199, 66, 23, 0, 0, 110, 0, 0, 0, 0, 0, 0, 0
222, 63, 212, 98, 0, 0, 0, 114, 0, 0, 0, 0, 0, 0, 0
223, 0, 528, 100, 311, 21, 0, 96, 0, 0, 0, 0, 0, 0, 0
223, 1, 650, 110, 330, 30, 0, 140, 40, 0, 0, 0, 0, 0, 0
223, 2, 544, 76, 311, 21, 8, 108, 20, 0, 0, 0, 0, 0, 0
223, 4, 620, 76, 366, 33, 0, 130, 15, 0, 0, 0, 0, 0, 0
223, 5, 617, 116, 302, 33, 8, 118, 40, 0, 0, 0, 0, 0, 0
223, 6, 700, 110, 384, 60, 8, 118, 20, 0, 0, 0, 0, 0, 0
223, 7, 490, 78, 270, 12, 8, 112, 10, 0, 0, 0, 0, 0, 0
223, 9, 201, 64, 23, 0, 0, 114, 0, 0, 0, 0, 0, 0, 0
223, 10, 192, 62, 18, 0, 0, 112, 0, 0, 0, 0, 0, 0, 0
223, 12, 178, 52, 14, 0, 0, 112, 0, 0, 0, 0, 0, 0, 0
223, 14, 200, 68, 20, 0, 0, 112, 0, 0, 0, 0, 0, 0, 0
223, 15, 198, 64, 24, 0, 0, 110, 0, 0, 0, 0, 0, 0, 0
223, 16, 186, 52, 24, 0, 0, 110, 0, 0, 0, 0, 0, 0, 0
223, 20, 207, 70, 23, 0, 0, 114, 0, 0, 0, 0, 0, 0, 0
223, 21, 200, 64, 26, 0, 0, 110, 0, 0, 0, 0, 0, 0, 0
223, 22, 196, 64, 18, 0, 0, 114, 0, 0, 0, 0, 0, 0, 0
223, 24, 199, 66, 23, 0, 0, 110, 0, 0, 0, 0, 0, 0, 0
223, 63, 212, 98, 0, 0, 0, 114, 0, 0, 0, 0, 0, 0, 0
224, 0, 530, 102, 311, 21, 0, 96, 0, 0, 0, 0, 0, 0, 0
224, 1, 652, 110, 332, 30, 0, 140, 40, 0, 0, 0, 0, 0, 0
224, 2, 544, 76, 311, 21, 8, 108, 20, 0, 0, 0, 0, 0, 0
224, 4, 621, 76, 367, 33, 0, 130, 15, 0, 0, 0, 0, 0, 0
224, 5, 618, 116, 303, 33, 8, 118, 40, 0, 0, 0, 0, 0, 0
224, 6, 702, 112, 384, 60, 8, 118, 20, 0, 0, 0, 0, 0, 0
224, 7, 493, 80, 271, 12, 8, 112, 10, 0, 0, 0, 0, 0, 0
224, 9, 201, 64, 23, 0, 0, 114, 0, 0, 0, 0, 0, 0, 0
224, 10, 192, 62, 18, 0, 0, 112, 0, 0, 0, 0, 0, 0, 0
224, 12, 178, 52, 14, 0, 0, 112, 0, 0, 0, 0, 0, 0, 0
224, 14, 200, 68, 20, 0, 0, 112, 0, 0, 0, 0, 0, 0, 0
224, 15, 201, 64, 25, 0, 0, 112, 0, 0, 0, 0, 0, 0, 0
224, 16, 186, 52, 24, 0, 0, 110, 0, 0, 0, 0, 0, 0, 0
224, 20, 207, 70, 23, 0, 0, 114, 0, 0, 0, 0, 0, 0, 0
224, 21, 202, 64, 26, 0, 0, 112, 0, 0, 0, 0, 0, 0, 0
224, 22, 196, 64, 18, 0, 0, 114, 0, 0, 0, 0, 0, 0, 0
224, 24, 199, 66, 23, 0, 0, 110, 0, 0, 0, 0, 0, 0, 0
224, 63, 216, 102, 0, 0, 0, 114, 0, 0, 0, 0, 0, 0, 0
225, 0, 530, 102, 311, 21, 0, 96, 0, 0, 0, 0, 0, 0, 0
225, 1, 656, 110, 336, 30, 0, 140, 40, 0, 0, 0, 0, 0, 0
225, 2, 547, 76, 312, 21, 8, 110, 20, 0, 0, 0, 0, 0, 0
225, 4, 624, 76, 368, 33, 0, 132, 15, 0, 0, 0, 0, 0, 0
225, 5, 623, 116, 306, 33, 8, 120, 40, 0, 0, 0, 0, 0, 0
225, 6, 702, 112, 384, 60, 8, 118, 20, 0, 0, 0, 0, 0, 0
225, 7, 495, 82, 271, 12, 8, 112, 10, 0, 0, 0, 0, 0, 0
225, 9, 201, 64, 23, 0, 0, 114, 0, 0, 0, 0, 0, 0, 0
225, 10, 192, 62, 18, 0, 0, 112, 0, 0, 0, 0, 0, 0, 0
225, 12, 178, 52, 14, 0, 0, 112, 0, 0, 0, 0, 0, 0, 0
225, 14, 200, 68, 20, 0, 0, 112, 0, 0, 0, 0, 0, 0, 0
225, 15, 201, 64, 25, 0, 0, 112, 0, 0, 0, 0, 0, 0, 0
225, 16, 186, 52, 24, 0, 0, 110, 0, 0, 0, 0, 0, 0, 0
225, 20, 207, 70, 23, 0, 0, 114, 0, 0, 0, 0, 0, 0, 0
225, 21, 204, 64, 26, 0, 0, 114, 0, 0, 0, 0, 0, 0, 0
225, 22, 196, 64, 18, 0, 0, 114, 0, 0, 0, 0, 0, 0, 0
225, 24, 199, 66, 23, 0, 0, 110, 0, 0, 0, 0, 0, 0, 0
225, 63, 216, 102, 0, 0, 0, 114, 0, 0, 0, 0, 0, 0, 0
226, 0, 530, 102, 311, 21, 0, 96, 0, 0, 0, 0, 0, 0, 0
226, 1, 658, 110, 336, 30, 0, 142, 40, 0, 0, 0, 0, 0, 0
226, 2, 547, 76, 312, 21, 8, 110, 20, 0, 0, 0, 0, 0, 0
226, 4, 627, 76, 371, 33, 0, 132, 15, 0, 0, 0, 0, 0, 0
226, 5, 630, 118, 311, 33, 8, 120, 40, 0, 0, 0, 0, 0, 0
226, 6, 703, 112, 385, 60, 8, 118, 20, 0, 0, 0, 0, 0, 0
226, 7, 498, 82, 272, 12, 8, 114, 10, 0, 0, 0, 0, 0, 0
226, 9, 201, 64, 23, 0, 0, 114, 0, 0, 0, 0, 0, 0, 0
226, 10, 193, 62, 19, 0, 0, 112, 0, 0, 0, 0, 0, 0, 0
226, 12, 178, 52, 14, 0, 0, 112, 0, 0, 0, 0, 0, 0, 0
226, 14, 203, 68, 23, 0, 0, 112, 0, 0, 0, 0, 0, 0, 0
226, 15, 201, 64, 25, 0, 0, 112, 0, 0, 0, 0, 0, 0, 0
226, 16, 186, 52, 24, 0, 0, 110, 0, 0, 0, 0, 0, 0, 0
226, 20, 207, 70, 23, 0, 0, 114, 0, 0, 0, 0, 0, 0, 0
226, 21, 204, 64, 26, 0, 0, 114, 0, 0, 0, 0, 0, 0, 0
226, 22, 196, 64, 18, 0, 0, 114, 0, 0, 0, 0, 0, 0, 0
226, 24, 199, 66, 23, 0, 0, 110, 0, 0, 0, 0, 0, 0, 0
226, 63, 216, 102, 0, 0, 0, 114, 0, 0, 0, 0, 0, 0, 0
227, 0, 532, 102, 311, 21, 0, 98, 0, 0, 0, 0, 0, 0, 0
227, 1, 661, 110, 339, 30, 0, 142, 40, 0, 0, 0, 0, 0, 0
227, 2, 547, 76, 312, 21, 8, 110, 20, 0, 0, 0, 0, 0, 0
227, 4, 631, 76, 375, 33, 0, 132, 15, 0, 0, 0, 0, 0, 0
227, 5, 632, 118, 313, 33, 8, 120, 40, 0, 0, 0, 0, 0, 0
227, 6, 706, 112, 386, 60, 8, 120, 20, 0, 0, 0, 0, 0, 0
227, 7, 497, 82, 271, 12, 8, 114, 10, 0, 0, 0, 0, 0, 0
227, 9, 201, 64, 23, 0, 0, 114, 0, 0, 0, 0, 0, 0, 0
227, 10, 193, 62, 19, 0, 0, 112, 0, 0, 0, 0, 0, 0, 0
227, 12, 180, 52, 14, 0, 0, 114, 0, 0, 0, 0, 0, 0, 0
227, 14, 203, 68, 23, 0, 0, 112, 0, 0, 0, 0, 0, 0, 0
227, 15, 203, 64, 25, 0, 0, 114, 0, 0, 0, 0, 0, 0, 0
227, 16, 186, 52, 24, 0, 0, 110, 0, 0, 0, 0, 0, 0, 0
227, 20, 209, 70, 23, 0, 0, 116, 0, 0, 0, 0, 0, 0, 0
227, 21, 204, 64, 26, 0, 0, 114, 0, 0, 0, 0, 0, 0, 0
227, 22, 196, 64, 18, 0, 0, 114, 0, 0, 0, 0, 0, 0, 0
227, 24, 199, 66, 23, 0, 0, 110, 0, 0, 0, 0, 0, 0, 0
227, 63, 218, 102, 0, 0, 0, 116, 0, 0, 0, 0, 0, 0, 0
228, 0, 536, 104, 313, 21, 0, 98, 0, 0, 0, 0, 0, 0, 0
228, 1, 664, 112, 340, 30, 0, 142, 40, 0, 0, 0, 0, 0, 0
228, 2, 547, 76, 312, 21, 8, 110, 20, 0, 0, 0, 0, 0, 0
228, 4, 632, 76, 376, 33, 0, 132, 15, 0, 0, 0, 0, 0, 0
228, 5, 632, 118, 313, 33, 8, 120, 40, 0, 0, 0, 0, 0, 0
228, 6, 711, 112, 391, 60, 8, 120, 20, 0, 0, 0, 0, 0, 0
228, 7, 502, 82, 274, 12, 8, 116, 10, 0, 0, 0, 0, 0, 0
228, 9, 203, 64, 23, 0, 0, 116, 0, 0, 0, 0, 0, 0, 0
228, 10, 195, 62, 19, 0, 0, 114, 0, 0, 0, 0, 0, 0, 0
228, 12, 180, 52, 14, 0, 0, 114, 0, 0, 0, 0, 0, 0, 0
228, 14, 205, 68, 23, 0, 0, 114, 0, 0, 0, 0, 0, 0, 0
228, 15, 203, 64, 25, 0, 0, 114, 0, 0, 0, 0, 0, 0, 0
228, 16, 186, 52, 24, 0, 0, 110, 0, 0, 0, 0, 0, 0, 0
228, 20, 211, 70, 23, 0, 0, 118, 0, 0, 0, 0, 0, 0, 0
228, 21, 206, 64, 26, 0, 0, 116, 0, 0, 0, 0, 0, 0, 0
228, 22, 196, 64, 18, 0, 0, 114, 0, 0, 0, 0, 0, 0, 0
228, 24, 199, 66, 23, 0, 0, 110, 0, 0, 0, 0, 0, 0, 0
228, 63, 220, 102, 0, 0, 0, 118, 0, 0, 0, 0, 0, 0, 0
229, 0, 538, 104, 315, 21, 0, 98, 0, 0, 0, 0, 0, 0, 0
229, 1, 665, 112, 341, 30, 0, 142, 40, 0, 0, 0, 0, 0, 0
229, 2, 549, 76, 312, 21, 8, 112, 20, 0, 0, 0, 0, 0, 0
229, 4, 634, 78, 376, 33, 0, 132, 15, 0, 0, 0, 0, 0, 0
229, 5, 634, 118, 313, 33, 8, 122, 40, 0, 0, 0, 0, 0, 0
229, 6, 715, 112, 395, 60, 8, 120, 20, 0, 0, 0, 0, 0, 0
229, 7, 505, 84, 275, 12, 8, 116, 10, 0, 0, 0, 0, 0, 0
229, 9, 203, 64, 23, 0, 0, 116, 0, 0, 0, 0, 0, 0, 0
229, 10, 197, 62, 19, 0, 0, 116, 0, 0, 0, 0, 0, 0, 0
229, 12, 182, 52, 14, 0, 0, 116, 0, 0, 0, 0, 0, 0, 0
229, 14, 207, 68, 23, 0, 0, 116, 0, 0, 0, 0, 0, 0, 0
229, 15, 203, 64, 25, 0, 0, 114, 0, 0, 0, 0, 0, 0, 0
229, 16, 186, 52, 24, 0, 0, 110, 0, 0, 0, 0, 0, 0, 0
229, 20, 211, 70, 23, 0, 0, 118, 0, 0, 0, 0, 0, 0, 0
229, 21, 206, 64, 26, 0, 0, 116, 0, 0, 0, 0, 0, 0, 0
229, 22, 196, 64, 18, 0, 0, 114, 0, 0, 0, 0, 0, 0, 0
229, 24, 201, 66, 23, 0, 0, 112, 0, 0, 0, 0, 0, 0, 0
229, 63, 220, 102, 0, 0, 0, 118, 0, 0, 0, 0, 0, 0, 0
230, 0, 541, 104, 318, 21, 0, 98, 0, 0, 0, 0, 0, 0, 0
230, 1, 668, 112, 344, 30, 0, 142, 40, 0, 0, 0, 0, 0, 0
230, 2, 550, 76, 313, 21, 8, 112, 20, 0, 0, 0, 0, 0, 0
230, 4, 634, 78, 376, 33, 0, 132, 15, 0, 0, 0, 0, 0, 0
230, 5, 635, 118, 314, 33, 8, 122, 40, 0, 0, 0, 0, 0, 0
230, 6, 718, 112, 396, 60, 8, 122, 20, 0, 0, 0, 0, 0, 0
230, 7, 507, 84, 277, 12, 8, 116, 10, 0, 0, 0, 0, 0, 0
230, 9, 203, 64, 23, 0, 0, 116, 0, 0, 0, 0, 0, 0, 0
230, 10, 199, 62, 19, 0, 0, 118, 0, 0, 0, 0, 0, 0, 0
230, 12, 187, 52, 17, 0, 0, 118, 0, 0, 0, 0, 0, 0, 0
230, 14, 209, 68, 23, 0, 0, 118, 0, 0, 0, 0, 0, 0, 0
230, 15, 205, 64, 25, 0, 0, 116, 0, 0, 0, 0, 0, 0, 0
230, 16, 188, 52, 24, 0, 0, 112, 0, 0, 0, 0, 0, 0, 0
230, 20, 213, 70, 23, 0, 0, 120, 0, 0, 0, 0, 0, 0, 0
230, 21, 208, 64, 26, 0, 0, 118, 0, 0, 0, 0, 0, 0, 0
230, 22, 198, 64, 18, 0, 0, 116, 0, 0, 0, 0, 0, 0, 0
230, 24, 203, 66, 23, 0, 0, 114, 0, 0, 0, 0, 0, 0, 0
230, 63, 222, 102, 0, 0, 0, 120, 0, 0, 0, 0, 0, 0, 0
231, 0, 545, 106, 320, 21, 0, 98, 0, 0, 0, 0, 0, 0, 0
231, 1, 673, 112, 347, 30, 0, 144, 40, 0, 0, 0, 0, 0, 0
231, 2, 551, 76, 314, 21, 8, 112, 20, 0, 0, 0, 0, 0, 0
231, 4, 638, 78, 378, 33, 0, 134, 15, 0, 0, 0, 0, 0, 0
231, 5, 638, 118, 317, 33, 8, 122, 40, 0, 0, 0, 0, 0, 0
231, 6, 723, 114, 399, 60, 8, 122, 20, 0, 0, 0, 0, 0, 0
231, 7, 507, 84, 277, 12, 8, 116, 10, 0, 0, 0, 0, 0, 0
231, 9, 203, 64, 23, 0, 0, 116, 0, 0, 0, 0, 0, 0, 0
231, 10, 199, 62, 19, 0, 0, 118, 0, 0, 0, 0, 0, 0, 0
231, 12, 187, 52, 17, 0, 0, 118, 0, 0, 0, 0, 0, 0, 0
231, 14, 209, 68, 23, 0, 0, 118, 0, 0, 0, 0, 0, 0, 0
231, 15, 207, 64, 25, 0, 0, 118, 0, 0, 0, 0, 0, 0, 0
231, 16, 190, 52, 24, 0, 0, 114, 0, 0, 0, 0, 0, 0, 0
231, 20, 213, 70, 23, 0, 0, 120, 0, 0, 0, 0, 0, 0, 0
231, 21, 208, 64, 26, 0, 0, 118, 0, 0, 0, 0, 0, 0, 0
231, 22, 200, 64, 18, 0, 0, 118, 0, 0, 0, 0, 0, 0, 0
231, 24, 205, 66, 23, 0, 0, 116, 0, 0, 0, 0, 0, 0, 0
231, 63, 222, 102, 0, 0, 0, 120, 0, 0, 0, 0, 0, 0, 0
232, 0, 551, 106, 324, 21, 0, 100, 0, 0, 0, 0, 0, 0, 0
232, 1, 673, 112, 347, 30, 0, 144, 40, 0, 0, 0, 0, 0, 0
232, 2, 559, 78, 320, 21, 8, 112, 20, 0, 0, 0, 0, 0, 0
232, 4, 638, 78, 378, 33, 0, 134, 15, 0, 0, 0, 0, 0, 0
232, 5, 642, 118, 321, 33, 8, 122, 40, 0, 0, 0, 0, 0, 0
232, 6, 724, 114, 400, 60, 8, 122, 20, 0, 0, 0, 0, 0, 0
232, 7, 513, 86, 279, 12, 8, 118, 10, 0, 0, 0, 0, 0, 0
232, 9, 203, 64, 23, 0, 0, 116, 0, 0, 0, 0, 0, 0, 0
232, 10, 201, 62, 19, 0, 0, 120, 0, 0, 0, 0, 0, 0, 0
232, 12, 189, 52, 17, 0, 0, 120, 0, 0, 0, 0, 0, 0, 0
232, 14, 209, 68, 23, 0, 0, 118, 0, 0, 0, 0, 0, 0, 0
232, 15, 207, 64, 25, 0, 0, 118, 0, 0, 0, 0, 0, 0, 0
232, 16, 192, 52, 24, 0, 0, 116, 0, 0, 0, 0, 0, 0, 0
232, 20, 213, 70, 23, 0, 0, 120, 0, 0, 0, 0, 0, 0, 0
232, 21, 208, 64, 26, 0, 0, 118, 0, 0, 0, 0, 0, 0, 0
232, 22, 202, 64, 18, 0, 0, 120, 0, 0, 0, 0, 0, 0, 0
232, 24, 205, 66, 23, 0, 0, 116, 0, 0, 0, 0, 0, 0, 0
232, 63, 224, 102, 0, 0, 0, 122, 0, 0, 0, 0, 0, 0, 0
233, 0, 550, 106, 323, 21, 0, 100, 0, 0, 0, 0, 0, 0, 0
233, 1, 678, 114, 350, 30, 0, 144, 40, 0, 0, 0, 0, 0, 0
233, 2, 561, 78, 320, 21, 8, 114, 20, 0, 0, 0, 0, 0, 0
233, 4, 639, 78, 379, 33, 0, 134, 15, 0, 0, 0, 0, 0, 0
233, 5, 643, 118, 322, 33, 8, 122, 40, 0, 0, 0, 0, 0, 0
233, 6, 730, 116, 402, 60, 8, 124, 20, 0, 0, 0, 0, 0, 0
233, 7, 514, 88, 278, 12, 8, 118, 10, 0, 0, 0, 0, 0, 0
233, 9, 203, 64, 23, 0, 0, 116, 0, 0, 0, 0, 0, 0, 0
233, 10, 203, 62, 19, 0, 0, 122, 0, 0, 0, 0, 0, 0, 0
233, 12, 189, 52, 17, 0, 0, 120, 0, 0, 0, 0, 0, 0, 0
233, 14, 209, 68, 23, 0, 0, 118, 0, 0, 0, 0, 0, 0, 0
233, 15, 209, 64, 25, 0, 0, 120, 0, 0, 0, 0, 0, 0, 0
233, 16, 194, 52, 24, 0, 0, 118, 0, 0, 0, 0, 0, 0, 0
233, 20, 213, 70, 23, 0, 0, 120, 0, 0, 0, 0, 0, 0, 0
233, 21, 208, 64, 26, 0, 0, 118, 0, 0, 0, 0, 0, 0, 0
233, 22, 202, 64, 18, 0, 0, 120, 0, 0, 0, 0, 0, 0, 0
233, 24, 207, 66, 23, 0, 0, 118, 0, 0, 0, 0, 0, 0, 0
233, 63, 226, 102, 0, 0, 0, 124, 0, 0, 0, 0, 0, 0, 0
234, 0, 550, 106, 323, 21, 0, 100, 0, 0, 0, 0, 0, 0, 0
234, 1, 686, 114, 358, 30, 0, 144, 40, 0, 0, 0, 0, 0, 0
234, 2, 560, 78, 319, 21, 8, 114, 20, 0, 0, 0, 0, 0, 0
234, 4, 643, 78, 383, 33, 0, 134, 15, 0, 0, 0, 0, 0, 0
234, 5, 645, 120, 322, 33, 8, 122, 40, 0, 0, 0, 0, 0, 0
234, 6, 732, 116, 404, 60, 8, 124, 20, 0, 0, 0, 0, 0, 0
234, 7, 515, 88, 279, 12, 8, 118, 10, 0, 0, 0, 0, 0, 0
234, 9, 205, 64, 23, 0, 0, 118, 0, 0, 0, 0, 0, 0, 0
234, 10, 207, 64, 19, 0, 0, 124, 0, 0, 0, 0, 0, 0, 0
234, 12, 193, 54, 17, 0, 0, 122, 0, 0, 0, 0, 0, 0, 0
234, 14, 211, 68, 23, 0, 0, 120, 0, 0, 0, 0, 0, 0, 0
234, 15, 213, 66, 25, 0, 0, 122, 0, 0, 0, 0, 0, 0, 0
234, 16, 196, 52, 24, 0, 0, 120, 0, 0, 0, 0, 0, 0, 0
234, 20, 217, 72, 23, 0, 0, 122, 0, 0, 0, 0, 0, 0, 0
234, 21, 210, 64, 26, 0, 0, 120, 0, 0, 0, 0, 0, 0, 0
234, 22, 206, 66, 18, 0, 0, 122, 0, 0, 0, 0, 0, 0, 0
234, 24, 211, 68, 23, 0, 0, 120, 0, 0, 0, 0, 0, 0, 0
234, 63, 226, 102, 0, 0, 0, 124, 0, 0, 0, 0, 0, 0, 0
235, 0, 554, 108, 323, 21, 0, 102, 0, 0, 0, 0, 0, 0, 0
235, 1, 686, 114, 358, 30, 0, 144, 40, 0, 0, 0, 0, 0, 0
235, 2, 561, 78, 320, 21, 8, 114, 20, 0, 0, 0, 0, 0, 0
235, 4, 643, 78, 383, 33, 0, 134, 15, 0, 0, 0, 0, 0, 0
235, 5, 646, 120, 323, 33, 8, 122, 40, 0, 0, 0, 0, 0, 0
235, 6, 734, 116, 406, 60, 8, 124, 20, 0, 0, 0, 0, 0, 0
235, 7, 515, 88, 279, 12, 8, 118, 10, 0, 0, 0, 0, 0, 0
235, 9, 207, 64, 23, 0, 0, 120, 0, 0, 0, 0, 0, 0, 0
235, 10, 207, 64, 19, 0, 0, 124, 0, 0, 0, 0, 0, 0, 0
235, 12, 193, 54, 17, 0, 0, 122, 0, 0, 0, 0, 0, 0, 0
235, 14, 211, 68, 23, 0, 0, 120, 0, 0, 0, 0, 0, 0, 0
235, 15, 213, 66, 25, 0, 0, 122, 0, 0, 0, 0, 0, 0, 0
235, 16, 198, 52, 24, 0, 0, 122, 0, 0, 0, 0, 0, 0, 0
235, 20, 219, 72, 23, 0, 0, 124, 0, 0, 0, 0, 0, 0, 0
235, 21, 210, 64, 26, 0, 0, 120, 0, 0, 0, 0, 0, 0, 0
235, 22, 206, 66, 18, 0, 0, 122, 0, 0, 0, 0, 0, 0, 0
235, 24, 211, 68, 23, 0, 0, 120, 0, 0, 0, 0, 0, 0, 0
235, 63, 226, 102, 0, 0, 0, 124, 0, 0, 0, 0, 0, 0, 0
236, 0, 555, 108, 324, 21, 0, 102, 0, 0, 0, 0, 0, 0, 0
236, 1, 691, 114, 361, 30, 0, 146, 40, 0, 0, 0, 0, 0, 0
236, 2, 565, 78, 324, 21, 8, 114, 20, 0, 0, 0, 0, 0, 0
236, 4, 645, 78, 385, 33, 0, 134, 15, 0, 0, 0, 0, 0, 0
236, 5, 650, 120, 327, 33, 8, 122, 40, 0, 0, 0, 0, 0, 0
236, 6, 734, 116, 406, 60, 8, 124, 20, 0, 0, 0, 0, 0, 0
236, 7, 518, 88, 280, 12, 8, 120, 10, 0, 0, 0, 0, 0, 0
236, 9, 210, 64, 24, 0, 0, 122, 0, 0, 0, 0, 0, 0, 0
236, 10, 207, 64, 19, 0, 0, 124, 0, 0, 0, 0, 0, 0, 0
236, 12, 193, 54, 17, 0, 0, 122, 0, 0, 0, 0, 0, 0, 0
236, 14, 211, 68, 23, 0, 0, 120, 0, 0, 0, 0, 0, 0, 0
236, 15, 213, 66, 25, 0, 0, 122, 0, 0, 0, 0, 0, 0, 0
236, 16, 202, 54, 24, 0, 0, 124, 0, 0, 0, 0, 0, 0, 0
236, 20, 219, 72, 23, 0, 0, 124, 0, 0, 0, 0, 0, 0, 0
236, 21, 210, 64, 26, 0, 0, 120, 0, 0, 0, 0, 0, 0, 0
236, 22, 206, 66, 18, 0, 0, 122, 0, 0, 0, 0, 0, 0, 0
236, 24, 211, 68, 23, 0, 0, 120, 0, 0, 0, 0, 0, 0, 0
236, 63, 226, 102, 0, 0, 0, 124, 0, 0, 0, 0, 0, 0, 0
237, 0, 557, 108, 326, 21, 0, 102, 0, 0, 0, 0, 0, 0, 0
237, 1, 691, 114, 361, 30, 0, 146, 40, 0, 0, 0, 0, 0, 0
237, 2, 569, 78, 326, 21, 8, 116, 20, 0, 0, 0, 0, 0, 0
237, 4, 652, 80, 388, 33, 0, 136, 15, 0, 0, 0, 0, 0, 0
237, 5, 652, 120, 327, 33, 8, 124, 40, 0, 0, 0, 0, 0, 0
237, 6, 737, 116, 409, 60, 8, 124, 20, 0, 0, 0, 0, 0, 0
237, 7, 517, 88, 279, 12, 8, 120, 10, 0, 0, 0, 0, 0, 0
237, 9, 214, 66, 24, 0, 0, 124, 0, 0, 0, 0, 0, 0, 0
237, 10, 207, 64, 19, 0, 0, 124, 0, 0, 0, 0, 0, 0, 0
237, 12, 193, 54, 17, 0, 0, 122, 0, 0, 0, 0, 0, 0, 0
237, 14, 211, 68, 23, 0, 0, 120, 0, 0, 0, 0, 0, 0, 0
237, 15, 213, 66, 25, 0, 0, 122, 0, 0, 0, 0, 0, 0, 0
237, 16, 202, 54, 24, 0, 0, 124, 0, 0, 0, 0, 0, 0, 0
237, 20, 219, 72, 23, 0, 0, 124, 0, 0, 0, 0, 0, 0, 0
237, 21, 210, 64, 26, 0, 0, 120, 0, 0, 0, 0, 0, 0, 0
237, 22, 206, 66, 18, 0, 0, 122, 0, 0, 0, 0, 0, 0, 0
237, 24, 211, 68, 23, 0, 0, 120, 0, 0, 0, 0, 0, 0, 0
237, 63, 226, 102, 0, 0, 0, 124, 0, 0, 0, 0, 0, 0, 0
238, 0, 567, 110, 332, 21, 0, 104, 0, 0, 0, 0, 0, 0, 0
238, 1, 693, 116, 361, 30, 0, 146, 40, 0, 0, 0, 0, 0, 0
238, 2, 569, 78, 326, 21, 8, 116, 20, 0, 0, 0, 0, 0, 0
238, 4, 652, 80, 388, 33, 0, 136, 15, 0, 0, 0, 0, 0, 0
238, 5, 655, 120, 330, 33, 8, 124, 40, 0, 0, 0, 0, 0, 0
238, 6, 740, 118, 410, 60, 8, 124, 20, 0, 0, 0, 0, 0, 0
238, 7, 520, 88, 282, 12, 8, 120, 10, 0, 0, 0, 0, 0, 0
238, 9, 214, 66, 24, 0, 0, 124, 0, 0, 0, 0, 0, 0, 0
238, 10, 207, 64, 19, 0, 0, 124, 0, 0, 0, 0, 0, 0, 0
238, 12, 193, 54, 17, 0, 0, 122, 0, 0, 0, 0, 0, 0, 0
238, 14, 211, 68, 23, 0, 0, 120, 0, 0, 0, 0, 0, 0, 0
238, 15, 213, 66, 25, 0, 0, 122, 0, 0, 0, 0, 0, 0, 0
238, 16, 202, 54, 24, 0, 0, 124, 0, 0, 0, 0, 0, 0, 0
238, 20, 219, 72, 23, 0, 0, 124, 0, 0, 0, 0, 0, 0, 0
238, 21, 210, 64, 26, 0, 0, 120, 0, 0, 0, 0, 0, 0, 0
238, 22, 206, 66, 18, 0, 0, 122, 0, 0, 0, 0, 0, 0, 0
238, 24, 211, 68, 23, 0, 0, 120, 0, 0, 0, 0, 0, 0, 0
238, 63, 226, 102, 0, 0, 0, 124, 0, 0, 0, 0, 0, 0, 0
239, 0, 579, 110, 344, 21, 0, 104, 0, 0, 0, 0, 0, 0, 0
239, 1, 694, 116, 362, 30, 0, 146, 40, 0, 0, 0, 0, 0, 0
239, 2, 570, 78, 327, 21, 8, 116, 20, 0, 0, 0, 0, 0, 0
239, 4, 652, 80, 388, 33, 0, 136, 15, 0, 0, 0, 0, 0, 0
239, 5, 656, 120, 331, 33, 8, 124, 40, 0, 0, 0, 0, 0, 0
239, 6, 744, 118, 412, 60, 8, 126, 20, 0, 0, 0, 0, 0, 0
239, 7, 529, 90, 282, 12, 8, 122, 15, 0, 0, 0, 0, 0, 0
239, 9, 214, 66, 24, 0, 0, 124, 0, 0, 0, 0, 0, 0, 0
239, 10, 207, 64, 19, 0, 0, 124, 0, 0, 0, 0, 0, 0, 0
239, 12, 193, 54, 17, 0, 0, 122, 0, 0, 0, 0, 0, 0, 0
239, 14, 211, 68, 23, 0, 0, 120, 0, 0, 0, 0, 0, 0, 0
239, 15, 213, 66, 25, 0, 0, 122, 0, 0, 0, 0, 0, 0, 0
239, 16, 203, 54, 25, 0, 0, 124, 0, 0, 0, 0, 0, 0, 0
239, 20, 219, 72, 23, 0, 0, 124, 0, 0, 0, 0, 0, 0, 0
239, 21, 210, 64, 26, 0, 0, 120, 0, 0, 0, 0, 0, 0, 0
239, 22, 206, 66, 18, 0, 0, 122, 0, 0, 0, 0, 0, 0, 0
239, 24, 211, 68, 23, 0, 0, 120, 0, 0, 0, 0, 0, 0, 0
239, 63, 226, 102, 0, 0, 0, 124, 0, 0, 0, 0, 0, 0, 0
240, 0, 578, 110, 343, 21, 0, 104, 0, 0, 0, 0, 0, 0, 0
240, 1, 699, 116, 367, 30, 0, 146, 40, 0, 0, 0, 0, 0, 0
240, 2, 573, 78, 328, 21, 8, 118, 20, 0, 0, 0, 0, 0, 0
240, 4, 652, 80, 388, 33, 0, 136, 15, 0, 0, 0, 0, 0, 0
240, 5, 657, 120, 332, 33, 8, 124, 40, 0, 0, 0, 0, 0, 0
240, 6, 744, 118, 412, 60, 8, 126, 20, 0, 0, 0, 0, 0, 0
240, 7, 531, 90, 284, 12, 8, 122, 15, 0, 0, 0, 0, 0, 0
240, 9, 214, 66, 24, 0, 0, 124, 0, 0, 0, 0, 0, 0, 0
240, 10, 207, 64, 19, 0, 0, 124, 0, 0, 0, 0, 0, 0, 0
240, 12, 193, 54, 17, 0, 0, 122, 0, 0, 0, 0, 0, 0, 0
240, 14, 211, 68, 23, 0, 0, 120, 0, 0, 0, 0, 0, 0, 0
240, 15, 213, 66, 25, 0, 0, 122, 0, 0, 0, 0, 0, 0, 0
240, 16, 203, 54, 25, 0, 0, 124, 0, 0, 0, 0, 0, 0, 0
240, 20, 219, 72, 23, 0, 0, 124, 0, 0, 0, 0, 0, 0, 0
240, 21, 210, 64, 26, 0, 0, 120, 0, 0, 0, 0, 0, 0, 0
240, 22, 206, 66, 18, 0, 0, 122, 0, 0, 0, 0, 0, 0, 0
240, 24, 211, 68, 23, 0, 0, 120, 0, 0, 0, 0, 0, 0, 0
240, 63, 226, 102, 0, 0, 0, 124, 0, 0, 0, 0, 0, 0, 0
241, 0, 582, 112, 345, 21, 0, 104, 0, 0, 0, 0, 0, 0, 0
241, 1, 701, 116, 367, 30, 0, 148, 40, 0, 0, 0, 0, 0, 0
241, 2, 574, 78, 329, 21, 8, 118, 20, 0, 0, 0, 0, 0, 0
241, 4, 653, 80, 389, 33, 0, 136, 15, 0, 0, 0, 0, 0, 0
241, 5, 663, 122, 336, 33, 8, 124, 40, 0, 0, 0, 0, 0, 0
241, 6, 750, 118, 418, 60, 8, 126, 20, 0, 0, 0, 0, 0, 0
241, 7, 533, 90, 284, 12, 8, 124, 15, 0, 0, 0, 0, 0, 0
241, 9, 214, 66, 24, 0, 0, 124, 0, 0, 0, 0, 0, 0, 0
241, 10, 207, 64, 19, 0, 0, 124, 0, 0, 0, 0, 0, 0, 0
241, 12, 193, 54, 17, 0, 0, 122, 0, 0, 0, 0, 0, 0, 0
241, 14, 211, 68, 23, 0, 0, 120, 0, 0, 0, 0, 0, 0, 0
241, 15, 213, 66, 25, 0, 0, 122, 0, 0, 0, 0, 0, 0, 0
241, 16, 203, 54, 25, 0, 0, 124, 0, 0, 0, 0, 0, 0, 0
241, 20, 219, 72, 23, 0, 0, 124, 0, 0, 0, 0, 0, 0, 0
241, 21, 210, 64, 26, 0, 0, 120, 0, 0, 0, 0, 0, 0, 0
241, 22, 206, 66, 18, 0, 0, 122, 0, 0, 0, 0, 0, 0, 0
241, 24, 211, 68, 23, 0, 0, 120, 0, 0, 0, 0, 0, 0, 0
241, 63, 226, 102, 0, 0, 0, 124, 0, 0, 0, 0, 0, 0, 0
242, 0, 586, 112, 347, 21, 0, 106, 0, 0, 0, 0, 0, 0, 0
242, 1, 704, 116, 370, 30, 0, 148, 40, 0, 0, 0, 0, 0, 0
242, 2, 578, 80, 331, 21, 8, 118, 20, 0, 0, 0, 0, 0, 0
242, 4, 656, 80, 390, 33, 0, 138, 15, 0, 0, 0, 0, 0, 0
242, 5, 668, 122, 341, 33, 8, 124, 40, 0, 0, 0, 0, 0, 0
242, 6, 750, 118, 418, 60, 8, 126, 20, 0, 0, 0, 0, 0, 0
242, 7, 536, 90, 287, 12, 8, 124, 15, 0, 0, 0, 0, 0, 0
242, 9, 214, 66, 24, 0, 0, 124, 0, 0, 0, 0, 0, 0, 0
242, 10, 207, 64, 19, 0, 0, 124, 0, 0, 0, 0, 0, 0, 0
242, 12, 193, 54, 17, 0, 0, 122, 0, 0, 0, 0, 0, 0, 0
242, 14, 211, 68, 23, 0, 0, 120, 0, 0, 0, 0, 0, 0, 0
242, 15, 215, 66, 25, 0, 0, 124, 0, 0, 0, 0, 0, 0, 0
242, 16, 203, 54, 25, 0, 0, 124, 0, 0, 0, 0, 0, 0, 0
242, 20, 221, 72, 23, 0, 0, 126, 0, 0, 0, 0, 0, 0, 0
242, 21, 210, 64, 26, 0, 0, 120, 0, 0, 0, 0, 0, 0, 0
242, 22, 206, 66, 18, 0, 0, 122, 0, 0, 0, 0, 0, 0, 0
242, 24, 213, 68, 23, 0, 0, 122, 0, 0, 0, 0, 0, 0, 0
242, 63, 228, 102, 0, 0, 0, 126, 0, 0, 0, 0, 0, 0, 0
243, 0, 586, 112, 347, 21, 0, 106, 0, 0, 0, 0, 0, 0, 0
243, 1, 706, 118, 370, 30, 0, 148, 40, 0, 0, 0, 0, 0, 0
243, 2, 580, 80, 331, 21, 8, 120, 20, 0, 0, 0, 0, 0, 0
243, 4, 656, 80, 390, 33, 0, 138, 15, 0, 0, 0, 0, 0, 0
243, 5, 672, 122, 343, 33, 8, 126, 40, 0, 0, 0, 0, 0, 0
243, 6, 757, 118, 423, 60, 8, 128, 20, 0, 0, 0, 0, 0, 0
243, 7, 538, 90, 289, 12, 8, 124, 15, 0, 0, 0, 0, 0, 0
243, 9, 214, 66, 24, 0, 0, 124, 0, 0, 0, 0, 0, 0, 0
243, 10, 207, 64, 19, 0, 0, 124, 0, 0, 0, 0, 0, 0, 0
243, 12, 193, 54, 17, 0, 0, 122, 0, 0, 0, 0, 0, 0, 0
243, 14, 211, 68, 23, 0, 0, 120, 0, 0, 0, 0, 0, 0, 0
243, 15, 215, 66, 25, 0, 0, 124, 0, 0, 0, 0, 0, 0, 0
243, 16, 203, 54, 25, 0, 0, 124, 0, 0, 0, 0, 0, 0, 0
243, 20, 221, 72, 23, 0, 0, 126, 0, 0, 0, 0, 0, 0, 0
243, 21, 210, 64, 26, 0, 0, 120, 0, 0, 0, 0, 0, 0, 0
243, 22, 207, 66, 19, 0, 0, 122, 0, 0, 0, 0, 0, 0, 0
243, 24, 213, 68, 23, 0, 0, 122, 0, 0, 0, 0, 0, 0, 0
243, 63, 228, 102, 0, 0, 0, 126, 0, 0, 0, 0, 0, 0, 0
244, 0, 587, 112, 348, 21, 0, 106, 0, 0, 0, 0, 0, 0, 0
244, 1, 708, 118, 372, 30, 0, 148, 40, 0, 0, 0, 0, 0, 0
244, 2, 581, 80, 332, 21, 8, 120, 20, 0, 0, 0, 0, 0, 0
244, 4, 657, 80, 391, 33, 0, 138, 15, 0, 0, 0, 0, 0, 0
244, 5, 673, 122, 344, 33, 8, 126, 40, 0, 0, 0, 0, 0, 0
244, 6, 764, 120, 428, 60, 8, 128, 20, 0, 0, 0, 0, 0, 0
244, 7, 544, 92, 291, 12, 8, 126, 15, 0, 0, 0, 0, 0, 0
244, 9, 214, 66, 24, 0, 0, 124, 0, 0, 0, 0, 0, 0, 0
244, 10, 207, 64, 19, 0, 0, 124, 0, 0, 0, 0, 0, 0, 0
244, 12, 195, 54, 17, 0, 0, 124, 0, 0, 0, 0, 0, 0, 0
244, 14, 211, 68, 23, 0, 0, 120, 0, 0, 0, 0, 0, 0, 0
244, 15, 215, 66, 25, 0, 0, 124, 0, 0, 0, 0, 0, 0, 0
244, 16, 203, 54, 25, 0, 0, 124, 0, 0, 0, 0, 0, 0, 0
244, 20, 221, 72, 23, 0, 0, 126, 0, 0, 0, 0, 0, 0, 0
244, 21, 210, 64, 26, 0, 0, 120, 0, 0, 0, 0, 0, 0, 0
244, 22, 207, 66, 19, 0, 0, 122, 0, 0, 0, 0, 0, 0, 0
244, 24, 213, 68, 23, 0, 0, 122, 0, 0, 0, 0, 0, 0, 0
244, 63, 228, 102, 0, 0, 0, 126, 0, 0, 0, 0, 0, 0, 0
245, 0, 590, 114, 349, 21, 0, 106, 0, 0, 0, 0, 0, 0, 0
245, 1, 715, 118, 379, 30, 0, 148, 40, 0, 0, 0, 0, 0, 0
245, 2, 585, 80, 334, 21, 8, 122, 20, 0, 0, 0, 0, 0, 0
245, 4, 657, 80, 391, 33, 0, 138, 15, 0, 0, 0, 0, 0, 0
245, 5, 674, 122, 345, 33, 8, 126, 40, 0, 0, 0, 0, 0, 0
245, 6, 765, 120, 429, 60, 8, 128, 20, 0, 0, 0, 0, 0, 0
245, 7, 546, 92, 293, 12, 8, 126, 15, 0, 0, 0, 0, 0, 0
245, 9, 214, 66, 24, 0, 0, 124, 0, 0, 0, 0, 0, 0, 0
245, 10, 207, 64, 19, 0, 0, 124, 0, 0, 0, 0, 0, 0, 0
245, 12, 195, 54, 17, 0, 0, 124, 0, 0, 0, 0, 0, 0, 0
245, 14, 211, 68, 23, 0, 0, 120, 0, 0, 0, 0, 0, 0, 0
245, 15, 215, 66, 25, 0, 0, 124, 0, 0, 0, 0, 0, 0, 0
245, 16, 203, 54, 25, 0, 0, 124, 0, 0, 0, 0, 0, 0, 0
245, 20, 221, 72, 23, 0, 0, 126, 0, 0, 0, 0, 0, 0, 0
245, 21, 210, 64, 26, 0, 0, 120, 0, 0, 0, 0, 0, 0, 0
245, 22, 207, 66, 19, 0, 0, 122, 0, 0, 0, 0, 0, 0, 0
245, 24, 213, 68, 23, 0, 0, 122, 0, 0, 0, 0, 0, 0, 0
245, 63, 228, 102, 0, 0, 0, 126, 0, 0, 0, 0, 0, 0, 0
246, 0, 596, 114, 353, 21, 0, 108, 0, 0, 0, 0, 0, 0, 0
246, 1, 717, 118, 379, 30, 0, 150, 40, 0, 0, 0, 0, 0, 0
246, 2, 586, 80, 335, 21, 8, 122, 20, 0, 0, 0, 0, 0, 0
246, 4, 659, 80, 393, 33, 0, 138, 15, 0, 0, 0, 0, 0, 0
246, 5, 681, 122, 350, 33, 8, 128, 40, 0, 0, 0, 0, 0, 0
246, 6, 767, 120, 431, 60, 8, 128, 20, 0, 0, 0, 0, 0, 0
246, 7, 547, 92, 294, 12, 8, 126, 15, 0, 0, 0, 0, 0, 0
246, 9, 214, 66, 24, 0, 0, 124, 0, 0, 0, 0, 0, 0, 0
246, 10, 207, 64, 19, 0, 0, 124, 0, 0, 0, 0, 0, 0, 0
246, 12, 195, 54, 17, 0, 0, 124, 0, 0, 0, 0, 0, 0, 0
246, 14, 211, 68, 23, 0, 0, 120, 0, 0, 0, 0, 0, 0, 0
246, 15, 215, 66, 25, 0, 0, 124, 0, 0, 0, 0, 0, 0, 0
246, 16, 203, 54, 25, 0, 0, 124, 0, 0, 0, 0, 0, 0, 0
246, 20, 221, 72, 23, 0, 0, 126, 0, 0, 0, 0, 0, 0, 0
246, 21, 210, 64, 26, 0, 0, 120, 0, 0, 0, 0, 0, 0, 0
246, 22, 207, 66, 19, 0, 0, 122, 0, 0, 0, 0, 0, 0, 0
246, 24, 213, 68, 23, 0, 0, 122, 0, 0, 0, 0, 0, 0, 0
246, 63, 230, 102, 0, 0, 0, 128, 0, 0, 0, 0, 0, 0, 0
247, 0, 603, 114, 360, 21, 0, 108, 0, 0, 0, 0, 0, 0, 0
247, 1, 717, 118, 379, 30, 0, 150, 40, 0, 0, 0, 0, 0, 0
247, 2, 589, 80, 338, 21, 8, 122, 20, 0, 0, 0, 0, 0, 0
247, 4, 661, 80, 393, 33, 0, 140, 15, 0, 0, 0, 0, 0, 0
247, 5, 684, 124, 351, 33, 8, 128, 40, 0, 0, 0, 0, 0, 0
247, 6, 771, 120, 435, 60, 8, 128, 20, 0, 0, 0, 0, 0, 0
247, 7, 546, 92, 293, 12, 8, 126, 15, 0, 0, 0, 0, 0, 0
247, 9, 216, 66, 24, 0, 0, 126, 0, 0, 0, 0, 0, 0, 0
247, 10, 209, 64, 19, 0, 0, 126, 0, 0, 0, 0, 0, 0, 0
247, 12, 197, 54, 17, 0, 0, 126, 0, 0, 0, 0, 0, 0, 0
247, 14, 211, 68, 23, 0, 0, 120, 0, 0, 0, 0, 0, 0, 0
247, 15, 217, 66, 25, 0, 0, 126, 0, 0, 0, 0, 0, 0, 0
247, 16, 205, 54, 25, 0, 0, 126, 0, 0, 0, 0, 0, 0, 0
247, 20, 223, 72, 23, 0, 0, 128, 0, 0, 0, 0, 0, 0, 0
247, 21, 210, 64, 26, 0, 0, 120, 0, 0, 0, 0, 0, 0, 0
247, 22, 209, 66, 19, 0, 0, 124, 0, 0, 0, 0, 0, 0, 0
247, 24, 215, 68, 23, 0, 0, 124, 0, 0, 0, 0, 0, 0, 0
247, 63, 230, 102, 0, 0, 0, 128, 0, 0, 0, 0, 0, 0, 0
248, 0, 618, 116, 373, 21, 0, 108, 0, 0, 0, 0, 0, 0, 0
248, 1, 719, 120, 379, 30, 0, 150, 40, 0, 0, 0, 0, 0, 0
248, 2, 593, 80, 340, 21, 8, 124, 20, 0, 0, 0, 0, 0, 0
248, 4, 662, 80, 394, 33, 0, 140, 15, 0, 0, 0, 0, 0, 0
248, 5, 685, 124, 352, 33, 8, 128, 40, 0, 0, 0, 0, 0, 0
248, 6, 772, 120, 436, 60, 8, 128, 20, 0, 0, 0, 0, 0, 0
248, 7, 547, 92, 294, 12, 8, 126, 15, 0, 0, 0, 0, 0, 0
248, 9, 218, 66, 24, 0, 0, 128, 0, 0, 0, 0, 0, 0, 0
248, 10, 211, 64, 19, 0, 0, 128, 0, 0, 0, 0, 0, 0, 0
248, 12, 197, 54, 17, 0, 0, 126, 0, 0, 0, 0, 0, 0, 0
248, 14, 211, 68, 23, 0, 0, 120, 0, 0, 0, 0, 0, 0, 0
248, 15, 219, 66, 25, 0, 0, 128, 0, 0, 0, 0, 0, 0, 0
248, 16, 207, 54, 25, 0, 0, 128, 0, 0, 0, 0, 0, 0, 0
248, 20, 223, 72, 23, 0, 0, 128, 0, 0, 0, 0, 0, 0, 0
248, 21, 210, 64, 26, 0, 0, 120, 0, 0, 0, 0, 0, 0, 0
248, 22, 211, 66, 19, 0, 0, 126, 0, 0, 0, 0, 0, 0, 0
248, 24, 216, 68, 24, 0, 0, 124, 0, 0, 0, 0, 0, 0, 0
248, 63, 230, 102, 0, 0, 0, 128, 0, 0, 0, 0, 0, 0, 0
249, 0, 626, 116, 381, 21, 0, 108, 0, 0, 0, 0, 0, 0, 0
249, 1, 723, 120, 383, 30, 0, 150, 40, 0, 0, 0, 0, 0, 0
249, 2, 596, 80, 343, 21, 8, 124, 20, 0, 0, 0, 0, 0, 0
249, 4, 664, 82, 394, 33, 0, 140, 15, 0, 0, 0, 0, 0, 0
249, 5, 687, 124, 354, 33, 8, 128, 40, 0, 0, 0, 0, 0, 0
249, 6, 776, 120, 440, 60, 8, 128, 20, 0, 0, 0, 0, 0, 0
249, 7, 550, 94, 293, 12, 8, 128, 15, 0, 0, 0, 0, 0, 0
249, 9, 218, 66, 24, 0, 0, 128, 0, 0, 0, 0, 0, 0, 0
249, 10, 211, 64, 19, 0, 0, 128, 0, 0, 0, 0, 0, 0, 0
249, 12, 197, 54, 17, 0, 0, 126, 0, 0, 0, 0, 0, 0, 0
249, 14, 211, 68, 23, 0, 0, 120, 0, 0, 0, 0, 0, 0, 0
249, 15, 219, 66, 25, 0, 0, 128, 0, 0, 0, 0, 0, 0, 0
249, 16, 207, 54, 25, 0, 0, 128, 0, 0, 0, 0, 0, 0, 0
249, 20, 224, 72, 24, 0, 0, 128, 0, 0, 0, 0, 0, 0, 0
249, 21, 210, 64, 26, 0, 0, 120, 0, 0, 0, 0, 0, 0, 0
249, 22, 213, 66, 19, 0, 0, 128, 0, 0, 0, 0, 0, 0, 0
249, 24, 216, 68, 24, 0, 0, 124, 0, 0, 0, 0, 0, 0, 0
249, 63, 230, 102, 0, 0, 0, 128, 0, 0, 0, 0, 0, 0, 0
250, 0, 628, 116, 381, 21, 0, 110, 0, 0, 0, 0, 0, 0, 0
250, 1, 723, 120, 383, 30, 0, 150, 40, 0, 0, 0, 0, 0, 0
250, 2, 597, 80, 344, 21, 8, 124, 20, 0, 0, 0, 0, 0, 0
250, 4, 674, 84, 402, 33, 0, 140, 15, 0, 0, 0, 0, 0, 0
250, 5, 687, 124, 354, 33, 8, 128, 40, 0, 0, 0, 0, 0, 0
250, 6, 779, 120, 441, 60, 8, 130, 20, 0, 0, 0, 0, 0, 0
250, 7, 557, 94, 300, 12, 8, 128, 15, 0, 0, 0, 0, 0, 0
250, 9, 218, 66, 24, 0, 0, 128, 0, 0, 0, 0, 0, 0, 0
250, 10, 211, 64, 19, 0, 0, 128, 0, 0, 0, 0, 0, 0, 0
250, 12, 197, 54, 17, 0, 0, 126, 0, 0, 0, 0, 0, 0, 0
250, 14, 211, 68, 23, 0, 0, 120, 0, 0, 0, 0, 0, 0, 0
250, 15, 219, 66, 25, 0, 0, 128, 0, 0, 0, 0, 0, 0, 0
250, 16, 207, 54, 25, 0, 0, 128, 0, 0, 0, 0, 0, 0, 0
250, 20, 224, 72, 24, 0, 0, 128, 0, 0, 0, 0, 0, 0, 0
250, 21, 210, 64, 26, 0, 0, 120, 0, 0, 0, 0, 0, 0, 0
250, 22, 213, 66, 19, 0, 0, 128, 0, 0, 0, 0, 0, 0, 0
250, 24, 218, 68, 24, 0, 0, 126, 0, 0, 0, 0, 0, 0, 0
250, 63, 230, 102, 0, 0, 0, 128, 0, 0, 0, 0, 0, 0, 0
251, 0, 632, 118, 383, 21, 0, 110, 0, 0, 0, 0, 0, 0, 0
251, 1, 725, 120, 383, 30, 0, 152, 40, 0, 0, 0, 0, 0, 0
251, 2, 600, 82, 345, 21, 8, 124, 20, 0, 0, 0, 0, 0, 0
251, 4, 676, 86, 402, 33, 0, 140, 15, 0, 0, 0, 0, 0, 0
251, 5, 687, 124, 354, 33, 8, 128, 40, 0, 0, 0, 0, 0, 0
251, 6, 788, 122, 448, 60, 8, 130, 20, 0, 0, 0, 0, 0, 0
251, 7, 558, 94, 299, 12, 8, 130, 15, 0, 0, 0, 0, 0, 0
251, 9, 218, 66, 24, 0, 0, 128, 0, 0, 0, 0, 0, 0, 0
251, 10, 212, 64, 20, 0, 0, 128, 0, 0, 0, 0, 0, 0, 0
251, 12, 197, 54, 17, 0, 0, 126, 0, 0, 0, 0, 0, 0, 0
251, 14, 211, 68, 23, 0, 0, 120, 0, 0, 0, 0, 0, 0, 0
251, 15, 219, 66, 25, 0, 0, 128, 0, 0, 0, 0, 0, 0, 0
251, 16, 207, 54, 25, 0, 0, 128, 0, 0, 0, 0, 0, 0, 0
251, 20, 224, 72, 24, 0, 0, 128, 0, 0, 0, 0, 0, 0, 0
251, 21, 210, 64, 26, 0, 0, 120, 0, 0, 0, 0, 0, 0, 0
251, 22, 213, 66, 19, 0, 0, 128, 0, 0, 0, 0, 0, 0, 0
251, 24, 220, 68, 24, 0, 0, 128, 0, 0, 0, 0, 0, 0, 0
251, 63, 230, 102, 0, 0, 0, 128, 0, 0, 0, 0, 0, 0, 0
252, 0, 635, 118, 386, 21, 0, 110, 0, 0, 0, 0, 0, 0, 0
252, 1, 731, 122, 387, 30, 0, 152, 40, 0, 0, 0, 0, 0, 0
252, 2, 601, 82, 346, 21, 8, 124, 20, 0, 0, 0, 0, 0, 0
252, 4, 678, 88, 402, 33, 0, 140, 15, 0, 0, 0, 0, 0, 0
252, 5, 689, 124, 356, 33, 8, 128, 40, 0, 0, 0, 0, 0, 0
252, 6, 789, 122, 449, 60, 8, 130, 20, 0, 0, 0, 0, 0, 0
252, 7, 559, 94, 300, 12, 8, 130, 15, 0, 0, 0, 0, 0, 0
252, 9, 218, 66, 24, 0, 0, 128, 0, 0, 0, 0, 0, 0, 0
252, 10, 212, 64, 20, 0, 0, 128, 0, 0, 0, 0, 0, 0, 0
252, 12, 197, 54, 17, 0, 0, 126, 0, 0, 0, 0, 0, 0, 0
252, 14, 211, 68, 23, 0, 0, 120, 0, 0, 0, 0, 0, 0, 0
252, 15, 219, 66, 25, 0, 0, 128, 0, 0, 0, 0, 0, 0, 0
252, 16, 207, 54, 25, 0, 0, 128, 0, 0, 0, 0, 0, 0, 0
252, 20, 224, 72, 24, 0, 0, 128, 0, 0, 0, 0, 0, 0, 0
252, 21, 210, 64, 26, 0, 0, 120, 0, 0, 0, 0, 0, 0, 0
252, 22, 213, 66, 19, 0, 0, 128, 0, 0, 0, 0, 0, 0, 0
252, 24, 220, 68, 24, 0, 0, 128, 0, 0, 0, 0, 0, 0, 0
252, 63, 230, 102, 0, 0, 0, 128, 0, 0, 0, 0, 0, 0, 0
253, 0, 635, 118, 386, 21, 0, 110, 0, 0, 0, 0, 0, 0, 0
253, 1, 734, 122, 390, 30, 0, 152, 40, 0, 0, 0, 0, 0, 0
253, 2, 602, 82, 347, 21, 8, 124, 20, 0, 0, 0, 0, 0, 0
253, 4, 682, 90, 402, 33, 0, 142, 15, 0, 0, 0, 0, 0, 0
253, 5, 692, 124, 357, 33, 8, 130, 40, 0, 0, 0, 0, 0, 0
253, 6, 789, 122, 449, 60, 8, 130, 20, 0, 0, 0, 0, 0, 0
253, 7, 558, 94, 299, 12, 8, 130, 15, 0, 0, 0, 0, 0, 0
253, 9, 218, 66, 24, 0, 0, 128, 0, 0, 0, 0, 0, 0, 0
253, 10, 212, 64, 20, 0, 0, 128, 0, 0, 0, 0, 0, 0, 0
253, 12, 197, 54, 17, 0, 0, 126, 0, 0, 0, 0, 0, 0, 0
253, 14, 211, 68, 23, 0, 0, 120, 0, 0, 0, 0, 0, 0, 0
253, 15, 219, 66, 25, 0, 0, 128, 0, 0, 0, 0, 0, 0, 0
253, 16, 207, 54, 25, 0, 0, 128, 0, 0, 0, 0, 0, 0, 0
253, 20, 224, 72, 24, 0, 0, 128, 0, 0, 0, 0, 0, 0, 0
253, 21, 210, 64, 26, 0, 0, 120, 0, 0, 0, 0, 0, 0, 0
253, 22, 213, 66, 19, 0, 0, 128, 0, 0, 0, 0, 0, 0, 0
253, 24, 220, 68, 24, 0, 0, 128, 0, 0, 0, 0, 0, 0, 0
253, 63, 230, 102, 0, 0, 0, 128, 0, 0, 0, 0, 0, 0, 0
254, 0, 643, 120, 390, 21, 0, 112, 0, 0, 0, 0, 0, 0, 0
254, 1, 734, 122, 390, 30, 0, 152, 40, 0, 0, 0, 0, 0, 0
254, 2, 602, 82, 347, 21, 8, 124, 20, 0, 0, 0, 0, 0, 0
254, 4, 685, 92, 403, 33, 0, 142, 15, 0, 0, 0, 0, 0, 0
254, 5, 694, 126, 357, 33, 8, 130, 40, 0, 0, 0, 0, 0, 0
254, 6, 791, 122, 451, 60, 8, 130, 20, 0, 0, 0, 0, 0, 0
254, 7, 562, 94, 301, 12, 8, 132, 15, 0, 0, 0, 0, 0, 0
254, 9, 218, 66, 24, 0, 0, 128, 0, 0, 0, 0, 0, 0, 0
254, 10, 212, 64, 20, 0, 0, 128, 0, 0, 0, 0, 0, 0, 0
254, 12, 197, 54, 17, 0, 0, 126, 0, 0, 0, 0, 0, 0, 0
254, 14, 211, 68, 23, 0, 0, 120, 0, 0, 0, 0, 0, 0, 0
254, 15, 219, 66, 25, 0, 0, 128, 0, 0, 0, 0, 0, 0, 0
254, 16, 207, 54, 25, 0, 0, 128, 0, 0, 0, 0, 0, 0, 0
254, 20, 224, 72, 24, 0, 0, 128, 0, 0, 0, 0, 0, 0, 0
254, 21, 210, 64, 26, 0, 0, 120, 0, 0, 0, 0, 0, 0, 0
254, 22, 213, 66, 19, 0, 0, 128, 0, 0, 0, 0, 0, 0, 0
254, 24, 220, 68, 24, 0, 0, 128, 0, 0, 0, 0, 0, 0, 0
254, 63, 230, 102, 0, 0, 0, 128, 0, 0, 0, 0, 0, 0, 0
255, 0, 654, 120, 399, 21, 0, 114, 0, 0, 0, 0, 0, 0, 0
255, 1, 734, 122, 390, 30, 0, 152, 40, 0, 0, 0, 0, 0, 0
255, 2, 604, 82, 347, 21, 8, 126, 20, 0, 0, 0, 0, 0, 0
255, 4, 690, 94, 406, 33, 0, 142, 15, 0, 0, 0, 0, 0, 0
255, 5, 694, 126, 357, 33, 8, 130, 40, 0, 0, 0, 0, 0, 0
255, 6, 796, 122, 454, 60, 8, 132, 20, 0, 0, 0, 0, 0, 0
255, 7, 564, 94, 303, 12, 8, 132, 15, 0, 0, 0, 0, 0, 0
255, 9, 220, 66, 24, 0, 0, 130, 0, 0, 0, 0, 0, 0, 0
255, 10, 212, 64, 20, 0, 0, 128, 0, 0, 0, 0, 0, 0, 0
255, 12, 197, 54, 17, 0, 0, 126, 0, 0, 0, 0, 0, 0, 0
255, 14, 211, 68, 23, 0, 0, 120, 0, 0, 0, 0, 0, 0, 0
255, 15, 219, 66, 25, 0, 0, 128, 0, 0, 0, 0, 0, 0, 0
255, 16, 209, 54, 25, 0, 0, 130, 0, 0, 0, 0, 0, 0, 0
255, 20, 224, 72, 24, 0, 0, 128, 0, 0, 0, 0, 0, 0, 0
255, 21, 210, 64, 26, 0, 0, 120, 0, 0, 0, 0, 0, 0, 0
255, 22, 215, 66, 19, 0, 0, 130, 0, 0, 0, 0, 0, 0, 0
255, 24, 222, 68, 24, 0, 0, 130, 0, 0, 0, 0, 0, 0, 0
255, 63, 232, 102, 0, 0, 0, 130, 0, 0, 0, 0, 0, 0, 0
256, 0, 657, 120, 402, 21, 0, 114, 0, 0, 0, 0, 0, 0, 0
256, 1, 738, 122, 392, 30, 0, 154, 40, 0, 0, 0, 0, 0, 0
256, 2, 609, 82, 352, 21, 8, 126, 20, 0, 0, 0, 0, 0, 0
256, 4, 694, 96, 408, 33, 0, 142, 15, 0, 0, 0, 0, 0, 0
256, 5, 698, 126, 361, 33, 8, 130, 40, 0, 0, 0, 0, 0, 0
256, 6, 796, 122, 454, 60, 8, 132, 20, 0, 0, 0, 0, 0, 0
256, 7, 567, 96, 304, 12, 8, 132, 15, 0, 0, 0, 0, 0, 0
256, 9, 220, 66, 24, 0, 0, 130, 0, 0, 0, 0, 0, 0, 0
256, 10, 212, 64, 20, 0, 0, 128, 0, 0, 0, 0, 0, 0, 0
256, 12, 197, 54, 17, 0, 0, 126, 0, 0, 0, 0, 0, 0, 0
256, 14, 213, 68, 23, 0, 0, 122, 0, 0, 0, 0, 0, 0, 0
256, 15, 219, 66, 25, 0, 0, 128, 0, 0, 0, 0, 0, 0, 0
256, 16, 209, 54, 25, 0, 0, 130, 0, 0, 0, 0, 0, 0, 0
256, 20, 224, 72, 24, 0, 0, 128, 0, 0, 0, 0, 0, 0, 0
256, 21, 212, 64, 26, 0, 0, 122, 0, 0, 0, 0, 0, 0, 0
256, 22, 215, 66, 19, 0, 0, 130, 0, 0, 0, 0, 0, 0, 0
256, 24, 222, 68, 24, 0, 0, 130, 0, 0, 0, 0, 0, 0, 0
256, 63, 232, 102, 0, 0, 0, 130, 0, 0, 0, 0, 0, 0, 0
257, 0, 667, 122, 408, 21, 0, 116, 0, 0, 0, 0, 0, 0, 0
257, 1, 741, 124, 393, 30, 0, 154, 40, 0, 0, 0, 0, 0, 0
257, 2, 609, 82, 352, 21, 8, 126, 20, 0, 0, 0, 0, 0, 0
257, 4, 696, 98, 408, 33, 0, 142, 15, 0, 0, 0, 0, 0, 0
257, 5, 704, 126, 365, 33, 8, 132, 40, 0, 0, 0, 0, 0, 0
257, 6, 798, 124, 454, 60, 8, 132, 20, 0, 0, 0, 0, 0, 0
257, 7, 568, 96, 305, 12, 8, 132, 15, 0, 0, 0, 0, 0, 0
257, 9, 220, 66, 24, 0, 0, 130, 0, 0, 0, 0, 0, 0, 0
257, 10, 212, 64, 20, 0, 0, 128, 0, 0, 0, 0, 0, 0, 0
257, 12, 200, 54, 18, 0, 0, 128, 0, 0, 0, 0, 0, 0, 0
257, 14, 215, 68, 23, 0, 0, 124, 0, 0, 0, 0, 0, 0, 0
257, 15, 219, 66, 25, 0, 0, 128, 0, 0, 0, 0, 0, 0, 0
257, 16, 209, 54, 25, 0, 0, 130, 0, 0, 0, 0, 0, 0, 0
257, 20, 224, 72, 24, 0, 0, 128, 0, 0, 0, 0, 0, 0, 0
257, 21, 212, 64, 26, 0, 0, 122, 0, 0, 0, 0, 0, 0, 0
257, 22, 215, 66, 19, 0, 0, 130, 0, 0, 0, 0, 0, 0, 0
257, 24, 222, 68, 24, 0, 0, 130, 0, 0, 0, 0, 0, 0, 0
257, 63, 232, 102, 0, 0, 0, 130, 0, 0, 0, 0, 0, 0, 0
258, 0, 671, 122, 412, 21, 0, 116, 0, 0, 0, 0, 0, 0, 0
258, 1, 744, 126, 394, 30, 0, 154, 40, 0, 0, 0, 0, 0, 0
258, 2, 609, 82, 352, 21, 8, 126, 20, 0, 0, 0, 0, 0, 0
258, 4, 701, 100, 409, 33, 0, 144, 15, 0, 0, 0, 0, 0, 0
258, 5, 710, 126, 371, 33, 8, 132, 40, 0, 0, 0, 0, 0, 0
258, 6, 801, 124, 455, 60, 8, 134, 20, 0, 0, 0, 0, 0, 0
258, 7, 570, 96, 307, 12, 8, 132, 15, 0, 0, 0, 0, 0, 0
258, 9, 220, 66, 24, 0, 0, 130, 0, 0, 0, 0, 0, 0, 0
258, 10, 212, 64, 20, 0, 0, 128, 0, 0, 0, 0, 0, 0, 0
258, 12, 202, 54, 18, 0, 0, 130, 0, 0, 0, 0, 0, 0, 0
258, 14, 219, 70, 23, 0, 0, 126, 0, 0, 0, 0, 0, 0, 0
258, 15, 219, 66, 25, 0, 0, 128, 0, 0, 0, 0, 0, 0, 0
258, 16, 209, 54, 25, 0, 0, 130, 0, 0, 0, 0, 0, 0, 0
258, 20, 224, 72, 24, 0, 0, 128, 0, 0, 0, 0, 0, 0, 0
258, 21, 212, 64, 26, 0, 0, 122, 0, 0, 0, 0, 0, 0, 0
258, 22, 217, 66, 19, 0, 0, 132, 0, 0, 0, 0, 0, 0, 0
258, 24, 222, 68, 24, 0, 0, 130, 0, 0, 0, 0, 0, 0, 0
258, 63, 234, 102, 0, 0, 0, 132, 0, 0, 0, 0, 0, 0, 0
259, 0, 673, 122, 414, 21, 0, 116, 0, 0, 0, 0, 0, 0, 0
259, 1, 749, 128, 397, 30, 0, 154, 40, 0, 0, 0, 0, 0, 0
259, 2, 614, 82, 355, 21, 8, 128, 20, 0, 0, 0, 0, 0, 0
259, 4, 702, 100, 410, 33, 0, 144, 15, 0, 0, 0, 0, 0, 0
259, 5, 712, 126, 373, 33, 8, 132, 40, 0, 0, 0, 0, 0, 0
259, 6, 802, 124, 456, 60, 8, 134, 20, 0, 0, 0, 0, 0, 0
259, 7, 572, 96, 309, 12, 8, 132, 15, 0, 0, 0, 0, 0, 0
259, 9, 222, 66, 24, 0, 0, 132, 0, 0, 0, 0, 0, 0, 0
259, 10, 214, 64, 20, 0, 0, 130, 0, 0, 0, 0, 0, 0, 0
259, 12, 204, 54, 18, 0, 0, 132, 0, 0, 0, 0, 0, 0, 0
259, 14, 221, 70, 23, 0, 0, 128, 0, 0, 0, 0, 0, 0, 0
259, 15, 221, 66, 25, 0, 0, 130, 0, 0, 0, 0, 0, 0, 0
259, 16, 211, 54, 25, 0, 0, 132, 0, 0, 0, 0, 0, 0, 0
259, 20, 226, 72, 24, 0, 0, 130, 0, 0, 0, 0, 0, 0, 0
259, 21, 214, 64, 26, 0, 0, 124, 0, 0, 0, 0, 0, 0, 0
259, 22, 217, 66, 19, 0, 0, 132, 0, 0, 0, 0, 0, 0, 0
259, 24, 224, 68, 24, 0, 0, 132, 0, 0, 0, 0, 0, 0, 0
259, 63, 234, 102, 0, 0, 0, 132, 0, 0, 0, 0, 0, 0, 0
260, 0, 678, 124, 415, 21, 0, 118, 0, 0, 0, 0, 0, 0, 0
260, 1, 754, 128, 400, 30, 0, 156, 40, 0, 0, 0, 0, 0, 0
260, 2, 615, 82, 356, 21, 8, 128, 20, 0, 0, 0, 0, 0, 0
260, 4, 702, 100, 410, 33, 0, 144, 15, 0, 0, 0, 0, 0, 0
260, 5, 716, 128, 373, 33, 8, 134, 40, 0, 0, 0, 0, 0, 0
260, 6, 802, 124, 456, 60, 8, 134, 20, 0, 0, 0, 0, 0, 0
260, 7, 573, 96, 310, 12, 8, 132, 15, 0, 0, 0, 0, 0, 0
260, 9, 222, 66, 24, 0, 0, 132, 0, 0, 0, 0, 0, 0, 0
260, 10, 216, 64, 20, 0, 0, 132, 0, 0, 0, 0, 0, 0, 0
260, 12, 204, 54, 18, 0, 0, 132, 0, 0, 0, 0, 0, 0, 0
260, 14, 223, 70, 23, 0, 0, 130, 0, 0, 0, 0, 0, 0, 0
260, 15, 223, 66, 25, 0, 0, 132, 0, 0, 0, 0, 0, 0, 0
260, 16, 211, 54, 25, 0, 0, 132, 0, 0, 0, 0, 0, 0, 0
260, 20, 228, 72, 24, 0, 0, 132, 0, 0, 0, 0, 0, 0, 0
260, 21, 216, 64, 26, 0, 0, 126, 0, 0, 0, 0, 0, 0, 0
260, 22, 217, 66, 19, 0, 0, 132, 0, 0, 0, 0, 0, 0, 0
260, 24, 224, 68, 24, 0, 0, 132, 0, 0, 0, 0, 0, 0, 0
260, 63, 234, 102, 0, 0, 0, 132, 0, 0, 0, 0, 0, 0, 0
261, 0, 678, 124, 415, 21, 0, 118, 0, 0, 0, 0, 0, 0, 0
261, 1, 755, 128, 401, 30, 0, 156, 40, 0, 0, 0, 0, 0, 0
261, 2, 617, 84, 356, 21, 8, 128, 20, 0, 0, 0, 0, 0, 0
261, 4, 702, 100, 410, 33, 0, 144, 15, 0, 0, 0, 0, 0, 0
261, 5, 717, 128, 374, 33, 8, 134, 40, 0, 0, 0, 0, 0, 0
261, 6, 802, 124, 456, 60, 8, 134, 20, 0, 0, 0, 0, 0, 0
261, 7, 572, 96, 309, 12, 8, 132, 15, 0, 0, 0, 0, 0, 0
261, 9, 222, 66, 24, 0, 0, 132, 0, 0, 0, 0, 0, 0, 0
261, 10, 216, 64, 20, 0, 0, 132, 0, 0, 0, 0, 0, 0, 0
261, 12, 204, 54, 18, 0, 0, 132, 0, 0, 0, 0, 0, 0, 0
261, 14, 225, 70, 23, 0, 0, 132, 0, 0, 0, 0, 0, 0, 0
261, 15, 223, 66, 25, 0, 0, 132, 0, 0, 0, 0, 0, 0, 0
261, 16, 211, 54, 25, 0, 0, 132, 0, 0, 0, 0, 0, 0, 0
261, 20, 228, 72, 24, 0, 0, 132, 0, 0, 0, 0, 0, 0, 0
261, 21, 220, 66, 26, 0, 0, 128, 0, 0, 0, 0, 0, 0, 0
261, 22, 217, 66, 19, 0, 0, 132, 0, 0, 0, 0, 0, 0, 0
261, 24, 224, 68, 24, 0, 0, 132, 0, 0, 0, 0, 0, 0, 0
261, 63, 234, 102, 0, 0, 0, 132, 0, 0, 0, 0, 0, 0, 0
262, 0, 683, 124, 418, 21, 0, 120, 0, 0, 0, 0, 0, 0, 0
262, 1, 759, 130, 403, 30, 0, 156, 40, 0, 0, 0, 0, 0, 0
262, 2, 618, 84, 357, 21, 8, 128, 20, 0, 0, 0, 0, 0, 0
262, 4, 706, 100, 412, 33, 0, 146, 15, 0, 0, 0, 0, 0, 0
262, 5, 717, 128, 374, 33, 8, 134, 40, 0, 0, 0, 0, 0, 0
262, 6, 805, 124, 459, 60, 8, 134, 20, 0, 0, 0, 0, 0, 0
262, 7, 575, 96, 310, 12, 8, 134, 15, 0, 0, 0, 0, 0, 0
262, 9, 222, 66, 24, 0, 0, 132, 0, 0, 0, 0, 0, 0, 0
262, 10, 218, 66, 20, 0, 0, 132, 0, 0, 0, 0, 0, 0, 0
262, 12, 204, 54, 18, 0, 0, 132, 0, 0, 0, 0, 0, 0, 0
262, 14, 225, 70, 23, 0, 0, 132, 0, 0, 0, 0, 0, 0, 0
262, 15, 223, 66, 25, 0, 0, 132, 0, 0, 0, 0, 0, 0, 0
262, 16, 211, 54, 25, 0, 0, 132, 0, 0, 0, 0, 0, 0, 0
262, 20, 228, 72, 24, 0, 0, 132, 0, 0, 0, 0, 0, 0, 0
262, 21, 222, 66, 26, 0, 0, 130, 0, 0, 0, 0, 0, 0, 0
262, 22, 217, 66, 19, 0, 0, 132, 0, 0, 0, 0, 0, 0, 0
262, 24, 224, 68, 24, 0, 0, 132, 0, 0, 0, 0, 0, 0, 0
262, 63, 234, 102, 0, 0, 0, 132, 0, 0, 0, 0, 0, 0, 0
263, 0, 686, 126, 419, 21, 0, 120, 0, 0, 0, 0, 0, 0, 0
263, 1, 759, 130, 403, 30, 0, 156, 40, 0, 0, 0, 0, 0, 0
263, 2, 619, 84, 358, 21, 8, 128, 20, 0, 0, 0, 0, 0, 0
263, 4, 706, 100, 412, 33, 0, 146, 15, 0, 0, 0, 0, 0, 0
263, 5, 717, 128, 374, 33, 8, 134, 40, 0, 0, 0, 0, 0, 0
263, 6, 810, 126, 462, 60, 8, 134, 20, 0, 0, 0, 0, 0, 0
263, 7, 574, 96, 309, 12, 8, 134, 15, 0, 0, 0, 0, 0, 0
263, 9, 222, 66, 24, 0, 0, 132, 0, 0, 0, 0, 0, 0, 0
263, 10, 218, 66, 20, 0, 0, 132, 0, 0, 0, 0, 0, 0, 0
263, 12, 204, 54, 18, 0, 0, 132, 0, 0, 0, 0, 0, 0, 0
263, 14, 225, 70, 23, 0, 0, 132, 0, 0, 0, 0, 0, 0, 0
263, 15, 226, 68, 26, 0, 0, 132, 0, 0, 0, 0, 0, 0, 0
263, 16, 211, 54, 25, 0, 0, 132, 0, 0, 0, 0, 0, 0, 0
263, 20, 228, 72, 24, 0, 0, 132, 0, 0, 0, 0, 0, 0, 0
263, 21, 224, 66, 26, 0, 0, 132, 0, 0, 0, 0, 0, 0, 0
263, 22, 217, 66, 19, 0, 0, 132, 0, 0, 0, 0, 0, 0, 0
263, 24, 224, 68, 24, 0, 0, 132, 0, 0, 0, 0, 0, 0, 0
263, 63, 234, 102, 0, 0, 0, 132, 0, 0, 0, 0, 0, 0, 0
264, 0, 690, 126, 423, 21, 0, 120, 0, 0, 0, 0, 0, 0, 0
264, 1, 760, 130, 404, 30, 0, 156, 40, 0, 0, 0, 0, 0, 0
264, 2, 620, 84, 359, 21, 8, 128, 20, 0, 0, 0, 0, 0, 0
264, 4, 708, 100, 414, 33, 0, 146, 15, 0, 0, 0, 0, 0, 0
264, 5, 719, 128, 376, 33, 8, 134, 40, 0, 0, 0, 0, 0, 0
264, 6, 810, 126, 462, 60, 8, 134, 20, 0, 0, 0, 0, 0, 0
264, 7, 575, 96, 310, 12, 8, 134, 15, 0, 0, 0, 0, 0, 0
264, 9, 222, 66, 24, 0, 0, 132, 0, 0, 0, 0, 0, 0, 0
264, 10, 218, 66, 20, 0, 0, 132, 0, 0, 0, 0, 0, 0, 0
264, 12, 204, 54, 18, 0, 0, 132, 0, 0, 0, 0, 0, 0, 0
264, 14, 225, 70, 23, 0, 0, 132, 0, 0, 0, 0, 0, 0, 0
264, 15, 226, 68, 26, 0, 0, 132, 0, 0, 0, 0, 0, 0, 0
264, 16, 211, 54, 25, 0, 0, 132, 0, 0, 0, 0, 0, 0, 0
264, 20, 228, 72, 24, 0, 0, 132, 0, 0, 0, 0, 0, 0, 0
264, 21, 224, 66, 26, 0, 0, 132, 0, 0, 0, 0, 0, 0, 0
264, 22, 217, 66, 19, 0, 0, 132, 0, 0, 0, 0, 0, 0, 0
264, 24, 224, 68, 24, 0, 0, 132, 0, 0, 0, 0, 0, 0, 0
264, 63, 234, 102, 0, 0, 0, 132, 0, 0, 0, 0, 0, 0, 0
265, 0, 701, 126, 432, 21, 0, 122, 0, 0, 0, 0, 0, 0, 0
265, 1, 762, 130, 404, 30, 0, 158, 40, 0, 0, 0, 0, 0, 0
265, 2, 623, 84, 360, 21, 8, 130, 20, 0, 0, 0, 0, 0, 0
265, 4, 709, 100, 415, 33, 0, 146, 15, 0, 0, 0, 0, 0, 0
265, 5, 722, 128, 379, 33, 8, 134, 40, 0, 0, 0, 0, 0, 0
265, 6, 810, 126, 462, 60, 8, 134, 20, 0, 0, 0, 0, 0, 0
265, 7, 574, 96, 309, 12, 8, 134, 15, 0, 0, 0, 0, 0, 0
265, 9, 222, 66, 24, 0, 0, 132, 0, 0, 0, 0, 0, 0, 0
265, 10, 218, 66, 20, 0, 0, 132, 0, 0, 0, 0, 0, 0, 0
265, 12, 204, 54, 18, 0, 0, 132, 0, 0, 0, 0, 0, 0, 0
265, 14, 225, 70, 23, 0, 0, 132, 0, 0, 0, 0, 0, 0, 0
265, 15, 226, 68, 26, 0, 0, 132, 0, 0, 0, 0, 0, 0, 0
265, 16, 211, 54, 25, 0, 0, 132, 0, 0, 0, 0, 0, 0, 0
265, 20, 228, 72, 24, 0, 0, 132, 0, 0, 0, 0, 0, 0, 0
265, 21, 224, 66, 26, 0, 0, 132, 0, 0, 0, 0, 0, 0, 0
265, 22, 217, 66, 19, 0, 0, 132, 0, 0, 0, 0, 0, 0, 0
265, 24, 224, 68, 24, 0, 0, 132, 0, 0, 0, 0, 0, 0, 0
265, 63, 234, 102, 0, 0, 0, 132, 0, 0, 0, 0, 0, 0, 0
266, 0, 705, 128, 434, 21, 0, 122, 0, 0, 0, 0, 0, 0, 0
266, 1, 763, 132, 403, 30, 0, 158, 40, 0, 0, 0, 0, 0, 0
266, 2, 624, 84, 361, 21, 8, 130, 20, 0, 0, 0, 0, 0, 0
266, 4, 712, 100, 416, 33, 0, 148, 15, 0, 0, 0, 0, 0, 0
266, 5, 722, 130, 377, 33, 8, 134, 40, 0, 0, 0, 0, 0, 0
266, 6, 812, 126, 462, 60, 8, 136, 20, 0, 0, 0, 0, 0, 0
266, 7, 575, 96, 310, 12, 8, 134, 15, 0, 0, 0, 0, 0, 0
266, 9, 222, 66, 24, 0, 0, 132, 0, 0, 0, 0, 0, 0, 0
266, 10, 218, 66, 20, 0, 0, 132, 0, 0, 0, 0, 0, 0, 0
266, 12, 204, 54, 18, 0, 0, 132, 0, 0, 0, 0, 0, 0, 0
266, 14, 227, 70, 23, 0, 0, 134, 0, 0, 0, 0, 0, 0, 0
266, 15, 226, 68, 26, 0, 0, 132, 0, 0, 0, 0, 0, 0, 0
266, 16, 213, 54, 25, 0, 0, 134, 0, 0, 0, 0, 0, 0, 0
266, 20, 228, 72, 24, 0, 0, 132, 0, 0, 0, 0, 0, 0, 0
266, 21, 224, 66, 26, 0, 0, 132, 0, 0, 0, 0, 0, 0, 0
266, 22, 217, 66, 19, 0, 0, 132, 0, 0, 0, 0, 0, 0, 0
266, 24, 226, 68, 24, 0, 0, 134, 0, 0, 0, 0, 0, 0, 0
266, 63, 236, 102, 0, 0, 0, 134, 0, 0, 0, 0, 0, 0, 0
267, 0, 711, 128, 438, 21, 0, 124, 0, 0, 0, 0, 0, 0, 0
267, 1, 763, 132, 403, 30, 0, 158, 40, 0, 0, 0, 0, 0, 0
267, 2, 627, 84, 364, 21, 8, 130, 20, 0, 0, 0, 0, 0, 0
267, 4, 696, 100, 400, 33, 0, 148, 15, 0, 0, 0, 0, 0, 0
267, 5, 715, 130, 370, 33, 8, 134, 40, 0, 0, 0, 0, 0, 0
267, 6, 812, 126, 462, 60, 8, 136, 20, 0, 0, 0, 0, 0, 0
267, 7, 574, 96, 309, 12, 8, 134, 15, 0, 0, 0, 0, 0, 0
267, 9, 222, 66, 24, 0, 0, 132, 0, 0, 0, 0, 0, 0, 0
267, 10, 218, 66, 20, 0, 0, 132, 0, 0, 0, 0, 0, 0, 0
267, 12, 204, 54, 18, 0, 0, 132, 0, 0, 0, 0, 0, 0, 0
267, 14, 227, 70, 23, 0, 0, 134, 0, 0, 0, 0, 0, 0, 0
267, 15, 226, 68, 26, 0, 0, 132, 0, 0, 0, 0, 0, 0, 0
267, 16, 213, 54, 25, 0, 0, 134, 0, 0, 0, 0, 0, 0, 0
267, 20, 228, 72, 24, 0, 0, 132, 0, 0, 0, 0, 0, 0, 0
267, 21, 224, 66, 26, 0, 0, 132, 0, 0, 0, 0, 0, 0, 0
267, 22, 218, 66, 20, 0, 0, 132, 0, 0, 0, 0, 0, 0, 0
267, 24, 226, 68, 24, 0, 0, 134, 0, 0, 0, 0, 0, 0, 0
267, 63, 236, 102, 0, 0, 0, 134, 0, 0, 0, 0, 0, 0, 0
268, 0, 711, 128, 438, 21, 0, 124, 0, 0, 0, 0, 0, 0, 0
268, 1, 761, 132, 401, 30, 0, 158, 40, 0, 0, 0, 0, 0, 0
268, 0, 711, 128, 438, 21, 0, 124, 0, 0, 0, 0, 0, 0, 0
268, 1, 761, 132, 401, 30, 0, 158, 40, 0, 0, 0, 0, 0, 0
268, 2, 632, 86, 365, 21, 8, 132, 20, 0, 0, 0, 0, 0, 0
268, 4, 697, 100, 401, 33, 0, 148, 15, 0, 0, 0, 0, 0, 0
268, 5, 715, 130, 370, 33, 8, 134, 40, 0, 0, 0, 0, 0, 0
268, 6, 813, 126, 463, 60, 8, 136, 20, 0, 0, 0, 0, 0, 0
268, 7, 576, 96, 311, 12, 8, 134, 15, 0, 0, 0, 0, 0, 0
268, 9, 222, 66, 24, 0, 0, 132, 0, 0, 0, 0, 0, 0, 0
268, 10, 218, 66, 20, 0, 0, 132, 0, 0, 0, 0, 0, 0, 0
268, 12, 204, 54, 18, 0, 0, 132, 0, 0, 0, 0, 0, 0, 0
268, 14, 227, 70, 23, 0, 0, 134, 0, 0, 0, 0, 0, 0, 0
268, 15, 226, 68, 26, 0, 0, 132, 0, 0, 0, 0, 0, 0, 0
268, 16, 213, 54, 25, 0, 0, 134, 0, 0, 0, 0, 0, 0, 0
268, 20, 228, 72, 24, 0, 0, 132, 0, 0, 0, 0, 0, 0, 0
268, 21, 224, 66, 26, 0, 0, 132, 0, 0, 0, 0, 0, 0, 0
268, 22, 218, 66, 20, 0, 0, 132, 0, 0, 0, 0, 0, 0, 0
268, 24, 226, 68, 24, 0, 0, 134, 0, 0, 0, 0, 0, 0, 0
268, 63, 236, 102, 0, 0, 0, 134, 0, 0, 0, 0, 0, 0, 0
269, 0, 717, 130, 442, 21, 0, 124, 0, 0, 0, 0, 0, 0, 0
269, 1, 764, 132, 402, 30, 0, 160, 40, 0, 0, 0, 0, 0, 0
269, 2, 632, 86, 365, 21, 8, 132, 20, 0, 0, 0, 0, 0, 0
269, 4, 700, 100, 404, 33, 0, 148, 15, 0, 0, 0, 0, 0, 0
269, 5, 717, 130, 370, 33, 8, 136, 40, 0, 0, 0, 0, 0, 0
269, 6, 815, 128, 463, 60, 8, 136, 20, 0, 0, 0, 0, 0, 0
269, 7, 577, 96, 310, 12, 8, 136, 15, 0, 0, 0, 0, 0, 0
269, 9, 222, 66, 24, 0, 0, 132, 0, 0, 0, 0, 0, 0, 0
269, 10, 218, 66, 20, 0, 0, 132, 0, 0, 0, 0, 0, 0, 0
269, 12, 204, 54, 18, 0, 0, 132, 0, 0, 0, 0, 0, 0, 0
269, 14, 227, 70, 23, 0, 0, 134, 0, 0, 0, 0, 0, 0, 0
269, 15, 226, 68, 26, 0, 0, 132, 0, 0, 0, 0, 0, 0, 0
269, 16, 213, 54, 25, 0, 0, 134, 0, 0, 0, 0, 0, 0, 0
269, 20, 228, 72, 24, 0, 0, 132, 0, 0, 0, 0, 0, 0, 0
269, 21, 224, 66, 26, 0, 0, 132, 0, 0, 0, 0, 0, 0, 0
269, 22, 218, 66, 20, 0, 0, 132, 0, 0, 0, 0, 0, 0, 0
269, 24, 226, 68, 24, 0, 0, 134, 0, 0, 0, 0, 0, 0, 0
269, 63, 236, 102, 0, 0, 0, 134, 0, 0, 0, 0, 0, 0, 0
270, 0, 721, 130, 444, 21, 0, 126, 0, 0, 0, 0, 0, 0, 0
270, 1, 772, 132, 410, 30, 0, 160, 40, 0, 0, 0, 0, 0, 0
270, 2, 633, 86, 366, 21, 8, 132, 20, 0, 0, 0, 0, 0, 0
270, 4, 701, 100, 405, 33, 0, 148, 15, 0, 0, 0, 0, 0, 0
270, 5, 717, 130, 370, 33, 8, 136, 40, 0, 0, 0, 0, 0, 0
270, 6, 816, 128, 464, 60, 8, 136, 20, 0, 0, 0, 0, 0, 0
270, 7, 578, 96, 311, 12, 8, 136, 15, 0, 0, 0, 0, 0, 0
270, 9, 224, 66, 24, 0, 0, 134, 0, 0, 0, 0, 0, 0, 0
270, 10, 220, 66, 20, 0, 0, 134, 0, 0, 0, 0, 0, 0, 0
270, 12, 206, 54, 18, 0, 0, 134, 0, 0, 0, 0, 0, 0, 0
270, 14, 229, 70, 23, 0, 0, 136, 0, 0, 0, 0, 0, 0, 0
270, 15, 228, 68, 26, 0, 0, 134, 0, 0, 0, 0, 0, 0, 0
270, 16, 215, 54, 25, 0, 0, 136, 0, 0, 0, 0, 0, 0, 0
270, 20, 230, 72, 24, 0, 0, 134, 0, 0, 0, 0, 0, 0, 0
270, 21, 226, 66, 26, 0, 0, 134, 0, 0, 0, 0, 0, 0, 0
270, 22, 220, 66, 20, 0, 0, 134, 0, 0, 0, 0, 0, 0, 0
270, 24, 228, 68, 24, 0, 0, 136, 0, 0, 0, 0, 0, 0, 0
270, 63, 238, 102, 0, 0, 0, 136, 0, 0, 0, 0, 0, 0, 0
271, 0, 724, 132, 445, 21, 0, 126, 0, 0, 0, 0, 0, 0, 0
271, 1, 774, 134, 410, 30, 0, 160, 40, 0, 0, 0, 0, 0, 0
271, 2, 636, 86, 369, 21, 8, 132, 20, 0, 0, 0, 0, 0, 0
271, 4, 680, 100, 384, 33, 0, 148, 15, 0, 0, 0, 0, 0, 0
271, 5, 720, 130, 373, 33, 8, 136, 40, 0, 0, 0, 0, 0, 0
271, 6, 816, 128, 464, 60, 8, 136, 20, 0, 0, 0, 0, 0, 0
271, 7, 580, 98, 311, 12, 8, 136, 15, 0, 0, 0, 0, 0, 0
271, 9, 226, 66, 24, 0, 0, 136, 0, 0, 0, 0, 0, 0, 0
271, 10, 222, 66, 20, 0, 0, 136, 0, 0, 0, 0, 0, 0, 0
271, 12, 208, 54, 18, 0, 0, 136, 0, 0, 0, 0, 0, 0, 0
271, 14, 229, 70, 23, 0, 0, 136, 0, 0, 0, 0, 0, 0, 0
271, 15, 230, 68, 26, 0, 0, 136, 0, 0, 0, 0, 0, 0, 0
271, 16, 215, 54, 25, 0, 0, 136, 0, 0, 0, 0, 0, 0, 0
271, 20, 232, 72, 24, 0, 0, 136, 0, 0, 0, 0, 0, 0, 0
271, 21, 228, 66, 26, 0, 0, 136, 0, 0, 0, 0, 0, 0, 0
271, 22, 222, 66, 20, 0, 0, 136, 0, 0, 0, 0, 0, 0, 0
271, 24, 228, 68, 24, 0, 0, 136, 0, 0, 0, 0, 0, 0, 0
271, 63, 238, 102, 0, 0, 0, 136, 0, 0, 0, 0, 0, 0, 0
272, 0, 729, 132, 450, 21, 0, 126, 0, 0, 0, 0, 0, 0, 0
272, 1, 773, 134, 409, 30, 0, 160, 40, 0, 0, 0, 0, 0, 0
272, 2, 636, 86, 369, 21, 8, 132, 20, 0, 0, 0, 0, 0, 0
272, 4, 683, 100, 385, 33, 0, 150, 15, 0, 0, 0, 0, 0, 0
272, 5, 727, 130, 380, 33, 8, 136, 40, 0, 0, 0, 0, 0, 0
272, 6, 816, 128, 464, 60, 8, 136, 20, 0, 0, 0, 0, 0, 0
272, 7, 583, 100, 312, 12, 8, 136, 15, 0, 0, 0, 0, 0, 0
272, 9, 226, 66, 24, 0, 0, 136, 0, 0, 0, 0, 0, 0, 0
272, 10, 222, 66, 20, 0, 0, 136, 0, 0, 0, 0, 0, 0, 0
272, 12, 208, 54, 18, 0, 0, 136, 0, 0, 0, 0, 0, 0, 0
272, 14, 229, 70, 23, 0, 0, 136, 0, 0, 0, 0, 0, 0, 0
272, 15, 230, 68, 26, 0, 0, 136, 0, 0, 0, 0, 0, 0, 0
272, 16, 215, 54, 25, 0, 0, 136, 0, 0, 0, 0, 0, 0, 0
272, 20, 232, 72, 24, 0, 0, 136, 0, 0, 0, 0, 0, 0, 0
272, 21, 228, 66, 26, 0, 0, 136, 0, 0, 0, 0, 0, 0, 0
272, 22, 222, 66, 20, 0, 0, 136, 0, 0, 0, 0, 0, 0, 0
272, 24, 228, 68, 24, 0, 0, 136, 0, 0, 0, 0, 0, 0, 0
272, 63, 238, 102, 0, 0, 0, 136, 0, 0, 0, 0, 0, 0, 0
273, 0, 732, 132, 451, 21, 0, 128, 0, 0, 0, 0, 0, 0, 0
273, 1, 773, 134, 409, 30, 0, 160, 40, 0, 0, 0, 0, 0, 0
273, 2, 638, 88, 369, 21, 8, 132, 20, 0, 0, 0, 0, 0, 0
273, 4, 684, 100, 386, 33, 0, 150, 15, 0, 0, 0, 0, 0, 0
273, 5, 721, 132, 372, 33, 8, 136, 40, 0, 0, 0, 0, 0, 0
273, 6, 821, 128, 467, 60, 8, 138, 20, 0, 0, 0, 0, 0, 0
273, 7, 560, 100, 289, 12, 8, 136, 15, 0, 0, 0, 0, 0, 0
273, 9, 226, 66, 24, 0, 0, 136, 0, 0, 0, 0, 0, 0, 0
273, 10, 222, 66, 20, 0, 0, 136, 0, 0, 0, 0, 0, 0, 0
273, 12, 208, 54, 18, 0, 0, 136, 0, 0, 0, 0, 0, 0, 0
273, 14, 229, 70, 23, 0, 0, 136, 0, 0, 0, 0, 0, 0, 0
273, 15, 230, 68, 26, 0, 0, 136, 0, 0, 0, 0, 0, 0, 0
273, 16, 215, 54, 25, 0, 0, 136, 0, 0, 0, 0, 0, 0, 0
273, 20, 232, 72, 24, 0, 0, 136, 0, 0, 0, 0, 0, 0, 0
273, 21, 228, 66, 26, 0, 0, 136, 0, 0, 0, 0, 0, 0, 0
273, 22, 222, 66, 20, 0, 0, 136, 0, 0, 0, 0, 0, 0, 0
273, 24, 228, 68, 24, 0, 0, 136, 0, 0, 0, 0, 0, 0, 0
273, 63, 238, 102, 0, 0, 0, 136, 0, 0, 0, 0, 0, 0, 0
274, 0, 738, 134, 455, 21, 0, 128, 0, 0, 0, 0, 0, 0, 0
274, 1, 775, 134, 409, 30, 0, 162, 40, 0, 0, 0, 0, 0, 0
274, 2, 642, 88, 373, 21, 8, 132, 20, 0, 0, 0, 0, 0, 0
274, 4, 684, 100, 386, 33, 0, 150, 15, 0, 0, 0, 0, 0, 0
274, 5, 725, 132, 376, 33, 8, 136, 40, 0, 0, 0, 0, 0, 0
274, 6, 827, 128, 473, 60, 8, 138, 20, 0, 0, 0, 0, 0, 0
274, 7, 562, 100, 291, 12, 8, 136, 15, 0, 0, 0, 0, 0, 0
274, 9, 226, 66, 24, 0, 0, 136, 0, 0, 0, 0, 0, 0, 0
274, 10, 222, 66, 20, 0, 0, 136, 0, 0, 0, 0, 0, 0, 0
274, 12, 208, 54, 18, 0, 0, 136, 0, 0, 0, 0, 0, 0, 0
274, 14, 229, 70, 23, 0, 0, 136, 0, 0, 0, 0, 0, 0, 0
274, 15, 230, 68, 26, 0, 0, 136, 0, 0, 0, 0, 0, 0, 0
274, 16, 215, 54, 25, 0, 0, 136, 0, 0, 0, 0, 0, 0, 0
274, 20, 232, 72, 24, 0, 0, 136, 0, 0, 0, 0, 0, 0, 0
274, 21, 228, 66, 26, 0, 0, 136, 0, 0, 0, 0, 0, 0, 0
274, 22, 222, 66, 20, 0, 0, 136, 0, 0, 0, 0, 0, 0, 0
274, 24, 228, 68, 24, 0, 0, 136, 0, 0, 0, 0, 0, 0, 0
274, 63, 238, 102, 0, 0, 0, 136, 0, 0, 0, 0, 0, 0, 0
275, 0, 744, 134, 461, 21, 0, 128, 0, 0, 0, 0, 0, 0, 0
275, 1, 779, 136, 411, 30, 0, 162, 40, 0, 0, 0, 0, 0, 0
275, 2, 643, 88, 374, 21, 8, 132, 20, 0, 0, 0, 0, 0, 0
275, 4, 685, 100, 387, 33, 0, 150, 15, 0, 0, 0, 0, 0, 0
275, 5, 730, 132, 381, 33, 8, 136, 40, 0, 0, 0, 0, 0, 0
275, 6, 831, 130, 475, 60, 8, 138, 20, 0, 0, 0, 0, 0, 0
275, 7, 562, 100, 291, 12, 8, 136, 15, 0, 0, 0, 0, 0, 0
275, 9, 226, 66, 24, 0, 0, 136, 0, 0, 0, 0, 0, 0, 0
275, 10, 222, 66, 20, 0, 0, 136, 0, 0, 0, 0, 0, 0, 0
275, 12, 208, 54, 18, 0, 0, 136, 0, 0, 0, 0, 0, 0, 0
275, 14, 229, 70, 23, 0, 0, 136, 0, 0, 0, 0, 0, 0, 0
275, 15, 230, 68, 26, 0, 0, 136, 0, 0, 0, 0, 0, 0, 0
275, 16, 215, 54, 25, 0, 0, 136, 0, 0, 0, 0, 0, 0, 0
275, 20, 232, 72, 24, 0, 0, 136, 0, 0, 0, 0, 0, 0, 0
275, 21, 228, 66, 26, 0, 0, 136, 0, 0, 0, 0, 0, 0, 0
275, 22, 222, 66, 20, 0, 0, 136, 0, 0, 0, 0, 0, 0, 0
275, 24, 228, 68, 24, 0, 0, 136, 0, 0, 0, 0, 0, 0, 0
275, 63, 238, 102, 0, 0, 0, 136, 0, 0, 0, 0, 0, 0, 0
276, 0, 748, 136, 461, 21, 0, 130, 0, 0, 0, 0, 0, 0, 0
276, 1, 779, 136, 411, 30, 0, 162, 40, 0, 0, 0, 0, 0, 0
276, 2, 645, 88, 374, 21, 8, 134, 20, 0, 0, 0, 0, 0, 0
276, 4, 687, 102, 387, 33, 0, 150, 15, 0, 0, 0, 0, 0, 0
276, 5, 736, 132, 387, 33, 8, 136, 40, 0, 0, 0, 0, 0, 0
276, 6, 831, 130, 475, 60, 8, 138, 20, 0, 0, 0, 0, 0, 0
276, 7, 564, 100, 293, 12, 8, 136, 15, 0, 0, 0, 0, 0, 0
276, 9, 226, 66, 24, 0, 0, 136, 0, 0, 0, 0, 0, 0, 0
276, 10, 223, 66, 21, 0, 0, 136, 0, 0, 0, 0, 0, 0, 0
276, 12, 208, 54, 18, 0, 0, 136, 0, 0, 0, 0, 0, 0, 0
276, 14, 229, 70, 23, 0, 0, 136, 0, 0, 0, 0, 0, 0, 0
276, 15, 230, 68, 26, 0, 0, 136, 0, 0, 0, 0, 0, 0, 0
276, 16, 215, 54, 25, 0, 0, 136, 0, 0, 0, 0, 0, 0, 0
276, 20, 232, 72, 24, 0, 0, 136, 0, 0, 0, 0, 0, 0, 0
276, 21, 228, 66, 26, 0, 0, 136, 0, 0, 0, 0, 0, 0, 0
276, 22, 222, 66, 20, 0, 0, 136, 0, 0, 0, 0, 0, 0, 0
276, 24, 228, 68, 24, 0, 0, 136, 0, 0, 0, 0, 0, 0, 0
276, 63, 238, 102, 0, 0, 0, 136, 0, 0, 0, 0, 0, 0, 0
277, 0, 755, 136, 468, 21, 0, 130, 0, 0, 0, 0, 0, 0, 0
277, 1, 779, 136, 411, 30, 0, 162, 40, 0, 0, 0, 0, 0, 0
277, 2, 645, 88, 374, 21, 8, 134, 20, 0, 0, 0, 0, 0, 0
277, 4, 687, 102, 387, 33, 0, 150, 15, 0, 0, 0, 0, 0, 0
277, 5, 737, 132, 388, 33, 8, 136, 40, 0, 0, 0, 0, 0, 0
277, 6, 831, 130, 475, 60, 8, 138, 20, 0, 0, 0, 0, 0, 0
277, 7, 566, 100, 293, 12, 8, 138, 15, 0, 0, 0, 0, 0, 0
277, 9, 226, 66, 24, 0, 0, 136, 0, 0, 0, 0, 0, 0, 0
277, 10, 223, 66, 21, 0, 0, 136, 0, 0, 0, 0, 0, 0, 0
277, 12, 208, 54, 18, 0, 0, 136, 0, 0, 0, 0, 0, 0, 0
277, 14, 229, 70, 23, 0, 0, 136, 0, 0, 0, 0, 0, 0, 0
277, 15, 230, 68, 26, 0, 0, 136, 0, 0, 0, 0, 0, 0, 0
277, 16, 215, 54, 25, 0, 0, 136, 0, 0, 0, 0, 0, 0, 0
277, 20, 232, 72, 24, 0, 0, 136, 0, 0, 0, 0, 0, 0, 0
277, 21, 228, 66, 26, 0, 0, 136, 0, 0, 0, 0, 0, 0, 0
277, 22, 222, 66, 20, 0, 0, 136, 0, 0, 0, 0, 0, 0, 0
277, 24, 228, 68, 24, 0, 0, 136, 0, 0, 0, 0, 0, 0, 0
277, 63, 238, 102, 0, 0, 0, 136, 0, 0, 0, 0, 0, 0, 0
278, 0, 758, 136, 471, 21, 0, 130, 0, 0, 0, 0, 0, 0, 0
